md:M00001 	 map00010
md:M00002 	 map00010
md:M00003 	 map00010
md:M00004 	 map00030
md:M00005 	 map00030
md:M00006 	 map00030
md:M00007 	 map00030
md:M00008 	 map00030
md:M00009 	 map00020
md:M00010 	 map00020
md:M00011 	 map00020
md:M00012 	 map00630
md:M00013 	 map00410
md:M00014 	 map00040
md:M00015 	 map00330
md:M00016 	 map00300
md:M00017 	 map00270
md:M00018 	 map00260
md:M00019 	 map00290
md:M00020 	 map00260
md:M00021 	 map00270
md:M00022 	 map00400
md:M00023 	 map00400
md:M00024 	 map00400
md:M00025 	 map00400
md:M00026 	 map00340
md:M00027 	 map00250
md:M00028 	 map00220
md:M00029 	 map00220
md:M00030 	 map00300
md:M00031 	 map00300
md:M00032 	 map00310
md:M00033 	 map00260
md:M00034 	 map00270
md:M00035 	 map00270
md:M00036 	 map00280
md:M00037 	 map00380
md:M00038 	 map00380
md:M00039 	 map00940
md:M00040 	 map00400
md:M00042 	 map00350
md:M00043 	 map00350
md:M00044 	 map00350
md:M00045 	 map00340
md:M00046 	 map00240
md:M00047 	 map00330
md:M00048 	 map00230
md:M00049 	 map00230
md:M00050 	 map00230
md:M00051 	 map00240
md:M00052 	 map00240
md:M00053 	 map00230
md:M00055 	 map00510
md:M00056 	 map00512
md:M00057 	 map00532
md:M00058 	 map00532
md:M00059 	 map00534
md:M00060 	 map00540
md:M00061 	 map00040
md:M00063 	 map00540
md:M00064 	 map00540
md:M00065 	 map00563
md:M00066 	 map00600
md:M00067 	 map00600
md:M00068 	 map00603
md:M00069 	 map00604
md:M00070 	 map00601
md:M00071 	 map00601
md:M00072 	 map00510
md:M00073 	 map00510
md:M00074 	 map00510
md:M00075 	 map00510
md:M00076 	 map00531
md:M00077 	 map00531
md:M00078 	 map00531
md:M00079 	 map00531
md:M00081 	 map00040
md:M00082 	 map00061
md:M00083 	 map00061
md:M00085 	 map00062
md:M00086 	 map00061
md:M00087 	 map00071
md:M00088 	 map00650
md:M00089 	 map00561
md:M00090 	 map00564
md:M00091 	 map00564
md:M00092 	 map00564
md:M00093 	 map00564
md:M00094 	 map00600
md:M00095 	 map00900
md:M00096 	 map00900
md:M00097 	 map00906
md:M00098 	 map00561
md:M00099 	 map00600
md:M00100 	 map00600
md:M00101 	 map00100
md:M00102 	 map00100
md:M00103 	 map00100
md:M00104 	 map00120
md:M00106 	 map00120
md:M00107 	 map00140
md:M00108 	 map00140
md:M00109 	 map00140
md:M00110 	 map00140
md:M00112 	 map00130
md:M00113 	 map00592
md:M00114 	 map00051
md:M00115 	 map00760
md:M00116 	 map00130
md:M00117 	 map00130
md:M00118 	 map00480
md:M00119 	 map00770
md:M00120 	 map00770
md:M00121 	 map00860
md:M00122 	 map00860
md:M00123 	 map00780
md:M00124 	 map00750
md:M00125 	 map00740
md:M00126 	 map00790
md:M00127 	 map00730
md:M00128 	 map00130
md:M00129 	 map00040
md:M00130 	 map00562
md:M00131 	 map00562
md:M00132 	 map00562
md:M00133 	 map00330
md:M00134 	 map00330
md:M00135 	 map00330
md:M00136 	 map00330
md:M00137 	 map00940
md:M00138 	 map00941
md:M00140 	 map00670
md:M00141 	 map00670
md:M00142 	 map00190
md:M00143 	 map00190
md:M00144 	 map00190
md:M00145 	 map00190
md:M00146 	 map00190
md:M00147 	 map00190
md:M00148 	 map00190
md:M00149 	 map00190
md:M00150 	 map00190
md:M00151 	 map00190
md:M00152 	 map00190
md:M00153 	 map00190
md:M00154 	 map00190
md:M00155 	 map00190
md:M00156 	 map00190
md:M00157 	 map00190
md:M00158 	 map00190
md:M00159 	 map00190
md:M00160 	 map00190
md:M00161 	 map00195
md:M00162 	 map00195
md:M00163 	 map00195
md:M00165 	 map00710
md:M00166 	 map00710
md:M00167 	 map00710
md:M00168 	 map00620
md:M00169 	 map00620
md:M00170 	 map00710
md:M00171 	 map00710
md:M00172 	 map00620
md:M00173 	 map00720
md:M00174 	 map00680
md:M00175 	 map00910
md:M00176 	 map00920
md:M00307 	 map00010
md:M00308 	 map00030
md:M00309 	 map00030
md:M00338 	 map00260
md:M00344 	 map00680
md:M00345 	 map00030
md:M00346 	 map00680
md:M00356 	 map00680
md:M00357 	 map00680
md:M00358 	 map00680
md:M00363 	 map05130
md:M00364 	 map00900
md:M00365 	 map00900
md:M00366 	 map00900
md:M00367 	 map00900
md:M00368 	 map00270
md:M00369 	 map00460
md:M00370 	 map00380
md:M00371 	 map00905
md:M00372 	 map00906
md:M00373 	 map00630
md:M00374 	 map00720
md:M00375 	 map00720
md:M00376 	 map00720
md:M00377 	 map00720
md:M00378 	 map00680
md:M00415 	 map00062
md:M00416 	 map00190
md:M00417 	 map00190
md:M00418 	 map00623
md:M00419 	 map00622
md:M00422 	 map00680
md:M00432 	 map00290
md:M00433 	 map00300
md:M00525 	 map00300
md:M00526 	 map00300
md:M00527 	 map00300
md:M00528 	 map00910
md:M00529 	 map00910
md:M00530 	 map00910
md:M00531 	 map00910
md:M00532 	 map00630
md:M00533 	 map00350
md:M00534 	 map00626
md:M00535 	 map00290
md:M00537 	 map00622
md:M00538 	 map00623
md:M00539 	 map00622
md:M00540 	 map00362
md:M00541 	 map00362
md:M00542 	 map05130
md:M00543 	 map00621
md:M00544 	 map00621
md:M00545 	 map00360
md:M00546 	 map00230
md:M00547 	 map00361
md:M00548 	 map00361
md:M00549 	 map00520
md:M00550 	 map00053
md:M00551 	 map00362
md:M00552 	 map00052
md:M00554 	 map00520
md:M00555 	 map00260
md:M00563 	 map00680
md:M00564 	 map05120
md:M00565 	 map00500
md:M00567 	 map00680
md:M00568 	 map00362
md:M00569 	 map00362
md:M00570 	 map00290
md:M00572 	 map00780
md:M00573 	 map00780
md:M00574 	 map05133
md:M00575 	 map05133
md:M00577 	 map00780
md:M00579 	 map00430
md:M00580 	 map00030
md:M00595 	 map00920
md:M00596 	 map00920
md:M00608 	 map00300
md:M00609 	 map00270
md:M00620 	 map00720
md:M00622 	 map00760
md:M00623 	 map00624
md:M00624 	 map00624
md:M00625 	 map01501
md:M00627 	 map01501
md:M00630 	 map00040
md:M00631 	 map00040
md:M00632 	 map00052
md:M00633 	 map00030
md:M00636 	 map00624
md:M00637 	 map00627
md:M00638 	 map00626
md:M00649 	 map01501
md:M00651 	 map01502
md:M00652 	 map01502
md:M00661 	 map00403
md:M00672 	 map00311
md:M00673 	 map00311
md:M00674 	 map00331
md:M00675 	 map00332
md:M00725 	 map01503
md:M00726 	 map01503
md:M00730 	 map01503
md:M00736 	 map00261
md:M00740 	 map00020
md:M00741 	 map00280
md:M00761 	 map00520
md:M00763 	 map00220
md:M00773 	 map00522
md:M00774 	 map00522
md:M00775 	 map00522
md:M00776 	 map00522
md:M00777 	 map00522
md:M00778 	 map01056
md:M00779 	 map01057
md:M00780 	 map00253
md:M00781 	 map01057
md:M00782 	 map01057
md:M00783 	 map01057
md:M00784 	 map01057
md:M00785 	 map00998
md:M00786 	 map00404
md:M00787 	 map00998
md:M00788 	 map00998
md:M00789 	 map00404
md:M00790 	 map00404
md:M00793 	 map00521
md:M00794 	 map00523
md:M00795 	 map00523
md:M00796 	 map00523
md:M00797 	 map00523
md:M00798 	 map00523
md:M00799 	 map00523
md:M00800 	 map00523
md:M00801 	 map00523
md:M00802 	 map00523
md:M00803 	 map00523
md:M00804 	 map00910
md:M00805 	 map00404
md:M00808 	 map00404
md:M00810 	 map00760
md:M00811 	 map00760
md:M00814 	 map00525
md:M00815 	 map00525
md:M00819 	 map00998
md:M00823 	 map00253
md:M00824 	 map01059
md:M00825 	 map01059
md:M00826 	 map01059
md:M00827 	 map01059
md:M00828 	 map01059
md:M00829 	 map01059
md:M00830 	 map01059
md:M00831 	 map01059
md:M00832 	 map01059
md:M00833 	 map01059
md:M00834 	 map01059
md:M00835 	 map00405
md:M00836 	 map00860
md:M00837 	 map00333
md:M00838 	 map00333
md:M00840 	 map00790
md:M00841 	 map00790
md:M00842 	 map00790
md:M00843 	 map00790
md:M00844 	 map00220
md:M00845 	 map00220
md:M00846 	 map00860
md:M00847 	 map00860
md:M00848 	 map00998
md:M00849 	 map00900
md:M00850 	 map05110
md:M00851 	 map01501
md:M00852 	 map05110
md:M00854 	 map00500
md:M00855 	 map00500
md:M00861 	 map01040
md:M00862 	 map00120
md:M00866 	 map00540
md:M00867 	 map00540
md:M00868 	 map00860
md:M00872 	 map00515
md:M00873 	 map00061
md:M00874 	 map00061
md:M00875 	 map00997
md:M00876 	 map00997
md:M00877 	 map00998
md:M00878 	 map00360
md:M00879 	 map00330
md:M00880 	 map00790
md:M00881 	 map00785
md:M00882 	 map00785
md:M00883 	 map00785
md:M00884 	 map00785
md:M00889 	 map00998
md:M00890 	 map00998
md:M00891 	 map00997
md:M00892 	 map00520
md:M00893 	 map00997
md:M00894 	 map00999
md:M00895 	 map00730
md:M00896 	 map00730
md:M00897 	 map00730
md:M00898 	 map00730
md:M00899 	 map00730
md:M00900 	 map00999
md:M00901 	 map00997
md:M00902 	 map00999
md:M00903 	 map00998
md:M00904 	 map00998
md:M00905 	 map00997
md:M00906 	 map00997
md:M00909 	 map00520
md:M00910 	 map00400
md:M00911 	 map00740
md:M00912 	 map00380
md:M00913 	 map00770
md:M00914 	 map00770
md:M00915 	 map00232
md:M00916 	 map00750
md:M00917 	 map00100
md:M00918 	 map00997
md:M00919 	 map00260
md:M00921 	 map00900
md:M00922 	 map00541
md:M00923 	 map00541
md:M00924 	 map00860
md:M00925 	 map00860
md:M00926 	 map00860
md:M00927 	 map00904
md:M00928 	 map00904
md:M00929 	 map00904
md:M00930 	 map00130
md:M00931 	 map00130
md:M00932 	 map00130
md:M00933 	 map00130
md:M00934 	 map00522
md:M00935 	 map00680
md:M00936 	 map00380
md:M00937 	 map00254
md:M00938 	 map00240
md:M00939 	 map00240
md:M00940 	 map00941
md:M00941 	 map00943
md:M00942 	 map00943
md:M00943 	 map00950
md:M00944 	 map00950
md:M00945 	 map00950
md:M00946 	 map00950
md:M00947 	 map00470
md:M00948 	 map00470
md:M00949 	 map00470
md:M00950 	 map00780
