cpd00020	C00022	M00001 
cpd00061	C00074	M00001 
cpd00072	C00085	M00001 
cpd00095	C00111	M00001 
cpd00102	C00118	M00001 
cpd00169	C00197	M00001 
cpd00203	C00236	M00001 
cpd00290	C00354	M00001 
cpd00482	C00631	M00001 
cpd19001	C00267	M00001 
cpd19006	C00668	M00001 
cpd00020	C00022	M00002 
cpd00061	C00074	M00002 
cpd00095	C00111	M00002 
cpd00102	C00118	M00002 
cpd00169	C00197	M00002 
cpd00203	C00236	M00002 
cpd00482	C00631	M00002 
cpd00032	C00036	M00003 
cpd00061	C00074	M00003 
cpd00072	C00085	M00003 
cpd00095	C00111	M00003 
cpd00102	C00118	M00003 
cpd00169	C00197	M00003 
cpd00203	C00236	M00003 
cpd00290	C00354	M00003 
cpd00482	C00631	M00003 
cpd00072	C00085	M00004 
cpd00101	C00117	M00004 
cpd00102	C00118	M00004 
cpd00171	C00199	M00004 
cpd00198	C00231	M00004 
cpd00236	C00279	M00004 
cpd00238	C05382	M00004 
cpd00284	C00345	M00004 
cpd00863	C01172	M00004 
cpd00911	C01236	M00004 
cpd19006	C00668	M00004 
cpd00101	C00117	M00005 
cpd00103	C00119	M00005 
cpd00171	C00199	M00006 
cpd00284	C00345	M00006 
cpd00863	C01172	M00006 
cpd00911	C01236	M00006 
cpd00072	C00085	M00007 
cpd00101	C00117	M00007 
cpd00102	C00118	M00007 
cpd00171	C00199	M00007 
cpd00198	C00231	M00007 
cpd00236	C00279	M00007 
cpd00238	C05382	M00007 
cpd00020	C00022	M00008 
cpd00102	C00118	M00008 
cpd00284	C00345	M00008 
cpd00863	C01172	M00008 
cpd00911	C01236	M00008 
cpd02711	C04442	M00008 
cpd00022	C00024	M00009 
cpd00024	C00026	M00009 
cpd00032	C00036	M00009 
cpd00036	C00042	M00009 
cpd00078	C00091	M00009 
cpd00106	C00122	M00009 
cpd00130	C00149	M00009 
cpd00137	C00158	M00009 
cpd00260	C00311	M00009 
cpd19171	C15972	M00009 
cpd19172	C15973	M00009 
cpd19179	C16254	M00009 
cpd00022	C00024	M00010 
cpd00024	C00026	M00010 
cpd00032	C00036	M00010 
cpd00137	C00158	M00010 
cpd00260	C00311	M00010 
cpd00024	C00026	M00011 
cpd00032	C00036	M00011 
cpd00036	C00042	M00011 
cpd00078	C00091	M00011 
cpd00106	C00122	M00011 
cpd00130	C00149	M00011 
cpd19171	C15972	M00011 
cpd19172	C15973	M00011 
cpd19179	C16254	M00011 
cpd00022	C00024	M00012 
cpd00032	C00036	M00012 
cpd00040	C00048	M00012 
cpd00130	C00149	M00012 
cpd00137	C00158	M00012 
cpd00260	C00311	M00012 
cpd00331	C00417	M00012 
cpd00022	C00024	M00013 
cpd00086	C00100	M00013 
cpd00191	C00222	M00013 
cpd00663	C00894	M00013 
cpd00745	C01013	M00013 
cpd03375	C05668	M00013 
cpd00026	C00029	M00014 
cpd00144	C00167	M00014 
cpd00164	C00191	M00014 
cpd00198	C00231	M00014 
cpd00259	C00310	M00014 
cpd00261	C00312	M00014 
cpd00306	C00379	M00014 
cpd00473	C00618	M00014 
cpd00594	C00800	M00014 
cpd00880	C05385	M00014 
cpd12241	C03033	M00014 
cpd00023	C00025	M00015 
cpd00064	C00077	M00015 
cpd00129	C00148	M00015 
cpd00858	C01165	M00015 
cpd02097	C03287	M00015 
cpd02431	C03912	M00015 
cpd00039	C00047	M00016 
cpd00041	C00049	M00016 
cpd00346	C00441	M00016 
cpd00504	C00666	M00016 
cpd00516	C00680	M00016 
cpd01977	C03082	M00016 
cpd02465	C03972	M00016 
cpd02698	C04421	M00016 
cpd02724	C04462	M00016 
cpd21488	C20258	M00016 
cpd00041	C00049	M00017 
cpd00060	C00073	M00017 
cpd00135	C00155	M00017 
cpd00227	C00263	M00017 
cpd00346	C00441	M00017 
cpd00822	C01118	M00017 
cpd01977	C03082	M00017 
cpd19019	C02291	M00017 
cpd00041	C00049	M00018 
cpd00161	C00188	M00018 
cpd00227	C00263	M00018 
cpd00346	C00441	M00018 
cpd00809	C01102	M00018 
cpd01977	C03082	M00018 
cpd00020	C00022	M00019 
cpd00094	C00109	M00019 
cpd00123	C00141	M00019 
cpd00156	C00183	M00019 
cpd00322	C00407	M00019 
cpd00508	C00671	M00019 
cpd02569	C04181	M00019 
cpd10162	C14463	M00019 
cpd19030	C04272	M00019 
cpd19047	C06010	M00019 
cpd00054	C00065	M00020 
cpd00169	C00197	M00020 
cpd00738	C01005	M00020 
cpd02069	C03232	M00020 
cpd00054	C00065	M00021 
cpd00084	C00097	M00021 
cpd00239	C00283	M00021 
cpd00722	C00979	M00021 
cpd24697	C00283	M00021 
cpd00061	C00074	M00022 
cpd00216	C00251	M00022 
cpd00236	C00279	M00022 
cpd00383	C00493	M00022 
cpd00699	C00944	M00022 
cpd00932	C01269	M00022 
cpd01716	C02637	M00022 
cpd02030	C03175	M00022 
cpd02857	C04691	M00022 
cpd00065	C00078	M00023 
cpd00093	C00108	M00023 
cpd00216	C00251	M00023 
cpd00956	C01302	M00023 
cpd02210	C03506	M00023 
cpd02642	C04302	M00023 
cpd00066	C00079	M00024 
cpd00143	C00166	M00024 
cpd00216	C00251	M00024 
cpd00219	C00254	M00024 
cpd00069	C00082	M00025 
cpd00216	C00251	M00025 
cpd00219	C00254	M00025 
cpd00868	C01179	M00025 
cpd00103	C00119	M00026 
cpd00119	C00135	M00026 
cpd00641	C00860	M00026 
cpd00807	C01100	M00026 
cpd00930	C01267	M00026 
cpd01324	C01929	M00026 
cpd01775	C02739	M00026 
cpd01777	C02741	M00026 
cpd02843	C04666	M00026 
cpd02979	C04896	M00026 
cpd02991	C04916	M00026 
cpd00023	C00025	M00027 
cpd00036	C00042	M00027 
cpd00199	C00232	M00027 
cpd00281	C00334	M00027 
cpd00023	C00025	M00028 
cpd00064	C00077	M00028 
cpd00342	C00437	M00028 
cpd00477	C00624	M00028 
cpd00918	C01250	M00028 
cpd02552	C04133	M00028 
cpd00013	C00014	M00029 
cpd00041	C00049	M00029 
cpd00051	C00062	M00029 
cpd00064	C00077	M00029 
cpd00073	C00086	M00029 
cpd00106	C00122	M00029 
cpd00146	C00169	M00029 
cpd00274	C00327	M00029 
cpd02152	C03406	M00029 
cpd19013	C00014	M00029 
cpd00022	C00024	M00030 
cpd00024	C00026	M00030 
cpd00039	C00047	M00030 
cpd00269	C00322	M00030 
cpd00351	C00449	M00030 
cpd00705	C00956	M00030 
cpd00919	C01251	M00030 
cpd01046	C04076	M00030 
cpd02483	C04002	M00030 
cpd03297	C05560	M00030 
cpd03372	C05662	M00030 
cpd12734	C05535	M00030 
cpd00039	C00047	M00031 
cpd00705	C00956	M00031 
cpd21126	C19886	M00031 
cpd21127	C19887	M00031 
cpd21128	C19888	M00031 
cpd21129	C19889	M00031 
cpd00039	C00047	M00032 
cpd00269	C00322	M00032 
cpd00279	C00332	M00032 
cpd00351	C00449	M00032 
cpd00413	C00527	M00032 
cpd00650	C00877	M00032 
cpd00705	C00956	M00032 
cpd00842	C01144	M00032 
cpd01046	C04076	M00032 
cpd16497	C06157	M00032 
cpd19171	C15972	M00032 
cpd19172	C15973	M00032 
cpd00041	C00049	M00033 
cpd00346	C00441	M00033 
cpd01977	C03082	M00033 
cpd02095	C03283	M00033 
cpd03727	C06231	M00033 
cpd03862	C06442	M00033 
cpd00017	C00019	M00034 
cpd00060	C00073	M00034 
cpd00147	C00170	M00034 
cpd00837	C01137	M00034 
cpd00869	C01180	M00034 
cpd01981	C03089	M00034 
cpd02574	C04188	M00034 
cpd02791	C04582	M00034 
cpd11255	C15606	M00034 
cpd11295	C15650	M00034 
cpd11296	C15651	M00034 
cpd00017	C00019	M00035 
cpd00019	C00021	M00035 
cpd00054	C00065	M00035 
cpd00060	C00073	M00035 
cpd00135	C00155	M00035 
cpd19019	C02291	M00035 
cpd00107	C00123	M00036 
cpd00142	C00164	M00036 
cpd00200	C00233	M00036 
cpd00292	C00356	M00036 
cpd01882	C02939	M00036 
cpd01966	C03069	M00036 
cpd02068	C03231	M00036 
cpd14699	C15975	M00036 
cpd19171	C15972	M00036 
cpd19172	C15973	M00036 
cpd00065	C00078	M00037 
cpd00490	C00643	M00037 
cpd00579	C00780	M00037 
cpd00721	C00978	M00037 
cpd01124	C01598	M00037 
cpd00065	C00078	M00038 
cpd00275	C00328	M00038 
cpd00483	C00632	M00038 
cpd01496	C02220	M00038 
cpd01749	C02700	M00038 
cpd02065	C03227	M00038 
cpd02385	C03824	M00038 
cpd02692	C04409	M00038 
cpd00066	C00079	M00039 
cpd00069	C00082	M00039 
cpd00192	C00223	M00039 
cpd00270	C00323	M00039 
cpd00321	C00406	M00039 
cpd00333	C00423	M00039 
cpd00458	C00590	M00039 
cpd00604	C00811	M00039 
cpd01554	C02325	M00039 
cpd01722	C02646	M00039 
cpd01733	C02666	M00039 
cpd01890	C02947	M00039 
cpd03332	C05608	M00039 
cpd03333	C05610	M00039 
cpd07322	C10434	M00039 
cpd08984	C12204	M00039 
cpd00069	C00082	M00040 
cpd00216	C00251	M00040 
cpd00219	C00254	M00040 
cpd00616	C00826	M00040 
cpd00069	C00082	M00042 
cpd00291	C00355	M00042 
cpd00429	C00547	M00042 
cpd00583	C00788	M00042 
cpd02357	C03758	M00042 
cpd00069	C00082	M00043 
cpd00779	C01060	M00043 
cpd01259	C01829	M00043 
cpd01621	C02465	M00043 
cpd01654	C02515	M00043 
cpd00069	C00082	M00044 
cpd00106	C00122	M00044 
cpd00142	C00164	M00044 
cpd00426	C00544	M00044 
cpd00763	C01036	M00044 
cpd00780	C01061	M00044 
cpd00868	C01179	M00044 
cpd00023	C00025	M00045 
cpd00119	C00135	M00045 
cpd00344	C00439	M00045 
cpd00581	C00785	M00045 
cpd00770	C01045	M00045 
cpd02311	C03680	M00045 
cpd00085	C00099	M00046 
cpd00092	C00106	M00046 
cpd00151	C00178	M00046 
cpd00337	C00429	M00046 
cpd00886	C01205	M00046 
cpd01720	C02642	M00046 
cpd00051	C00062	M00047 
cpd00250	C00300	M00047 
cpd00451	C00581	M00047 
cpd00585	C00791	M00047 
cpd01550	C02305	M00047 
cpd00053	C00064	M00048 
cpd00103	C00119	M00048 
cpd00114	C00130	M00048 
cpd01982	C03090	M00048 
cpd02140	C03373	M00048 
cpd02394	C03838	M00048 
cpd02678	C04376	M00048 
cpd02826	C04640	M00048 
cpd02851	C04677	M00048 
cpd02884	C04734	M00048 
cpd02893	C04751	M00048 
cpd02921	C04823	M00048 
cpd11310	C15667	M00048 
cpd19032	C04823	M00048 
cpd00002	C00002	M00049 
cpd00008	C00008	M00049 
cpd00018	C00020	M00049 
cpd00114	C00130	M00049 
cpd02375	C03794	M00049 
cpd00031	C00035	M00050 
cpd00038	C00044	M00050 
cpd00114	C00130	M00050 
cpd00126	C00144	M00050 
cpd00497	C00655	M00050 
cpd00053	C00064	M00051 
cpd00091	C00105	M00051 
cpd00103	C00119	M00051 
cpd00146	C00169	M00051 
cpd00247	C00295	M00051 
cpd00282	C00337	M00051 
cpd00343	C00438	M00051 
cpd00810	C01103	M00051 
cpd00014	C00015	M00052 
cpd00052	C00063	M00052 
cpd00062	C00075	M00052 
cpd00091	C00105	M00052 
cpd00096	C00112	M00052 
cpd00008	C00008	M00053 
cpd00014	C00015	M00053 
cpd00031	C00035	M00053 
cpd00096	C00112	M00053 
cpd00115	C00131	M00053 
cpd00177	C00206	M00053 
cpd00241	C00286	M00053 
cpd00295	C00361	M00053 
cpd00356	C00458	M00053 
cpd00358	C00460	M00053 
cpd00533	C00705	M00053 
cpd00978	C01346	M00053 
cpd11619	C00110	M00055 
cpd11831	C01246	M00055 
cpd12044	C02189	M00056 
cpd12044	C02189	M00057 
cpd12044	C02189	M00058 
cpd12044	C02189	M00059 
cpd00037	C00043	M00060 
cpd02835	C04652	M00060 
cpd02886	C04738	M00060 
cpd02930	C04824	M00060 
cpd02993	C04919	M00060 
cpd03002	C04932	M00060 
cpd03584	C06022	M00060 
cpd03585	C06024	M00060 
cpd03586	C06025	M00060 
cpd03587	C06026	M00060 
cpd03736	C06251	M00060 
cpd00020	C00022	M00061 
cpd00102	C00118	M00061 
cpd00164	C00191	M00061 
cpd00176	C00204	M00061 
cpd00403	C00514	M00061 
cpd00672	C00905	M00061 
cpd02711	C04442	M00061 
cpd00171	C00199	M00063 
cpd00817	C01112	M00063 
cpd00875	C01187	M00063 
cpd02546	C04121	M00063 
cpd02730	C04478	M00063 
cpd00238	C05382	M00064 
cpd03830	C06397	M00064 
cpd03831	C06398	M00064 
cpd04918	C07836	M00064 
cpd04920	C07838	M00064 
cpd08316	C11472	M00064 
cpd00167	C00195	M00066 
cpd00878	C01190	M00066 
cpd00947	C01290	M00066 
cpd00167	C00195	M00067 
cpd01743	C02686	M00067 
cpd12273	C03201	M00067 
cpd12830	C06125	M00067 
cpd11713	C00621	M00072 
cpd12235	C03021	M00072 
cpd11713	C00621	M00073 
cpd11713	C00621	M00074 
cpd11713	C00621	M00075 
cpd11678	C00426	M00076 
cpd11716	C00634	M00077 
cpd11779	C00925	M00078 
cpd11701	C00573	M00079 
cpd00280	C00333	M00081 
cpd01532	C02273	M00081 
cpd11601	C00714	M00081 
cpd11686	C00470	M00081 
cpd00022	C00024	M00082 
cpd00070	C00083	M00082 
cpd11488	C05744	M00082 
cpd11492	C01209	M00082 
cpd11494	C03939	M00082 
cpd11464	C05745	M00083 
cpd11465	C04246	M00083 
cpd11466	C05761	M00083 
cpd11467	C05760	M00083 
cpd11468	C05223	M00083 
cpd11469	C05758	M00083 
cpd11470	C05752	M00083 
cpd11471	C05751	M00083 
cpd11472	C05749	M00083 
cpd11473	C05748	M00083 
cpd11474	C05755	M00083 
cpd11475	C05754	M00083 
cpd11476	C05764	M00083 
cpd11477	C05763	M00083 
cpd11478	C04618	M00083 
cpd11479	C05747	M00083 
cpd11480	C05757	M00083 
cpd11481	C04633	M00083 
cpd11482	C04619	M00083 
cpd11483	C04620	M00083 
cpd11484	C04688	M00083 
cpd11485	C05762	M00083 
cpd11486	C05746	M00083 
cpd11487	C05753	M00083 
cpd11488	C05744	M00083 
cpd11489	C05756	M00083 
cpd11490	C05750	M00083 
cpd11491	C05759	M00083 
cpd11492	C01209	M00083 
cpd11494	C03939	M00083 
cpd00022	C00024	M00085 
cpd00120	C00136	M00085 
cpd00134	C00154	M00085 
cpd01260	C01832	M00085 
cpd01335	C01944	M00085 
cpd01695	C02593	M00085 
cpd02060	C03221	M00085 
cpd03113	C05258	M00085 
cpd03114	C05259	M00085 
cpd03115	C05260	M00085 
cpd03116	C05262	M00085 
cpd03117	C05263	M00085 
cpd03118	C05264	M00085 
cpd03119	C05265	M00085 
cpd03120	C05266	M00085 
cpd03121	C05267	M00085 
cpd03122	C05268	M00085 
cpd03123	C05269	M00085 
cpd03124	C05270	M00085 
cpd03125	C05271	M00085 
cpd03126	C05272	M00085 
cpd03127	C05273	M00085 
cpd03128	C05274	M00085 
cpd03129	C05275	M00085 
cpd03130	C05276	M00085 
cpd11611	C00040	M00085 
cpd11637	C00264	M00085 
cpd11718	C00640	M00085 
cpd11722	C00658	M00085 
cpd12689	C05261	M00085 
cpd00134	C00154	M00086 
cpd00214	C00249	M00086 
cpd00022	C00024	M00087 
cpd00120	C00136	M00087 
cpd00134	C00154	M00087 
cpd00279	C00332	M00087 
cpd00650	C00877	M00087 
cpd00842	C01144	M00087 
cpd01260	C01832	M00087 
cpd01335	C01944	M00087 
cpd01695	C02593	M00087 
cpd02060	C03221	M00087 
cpd03113	C05258	M00087 
cpd03114	C05259	M00087 
cpd03115	C05260	M00087 
cpd03116	C05262	M00087 
cpd03117	C05263	M00087 
cpd03118	C05264	M00087 
cpd03119	C05265	M00087 
cpd03120	C05266	M00087 
cpd03121	C05267	M00087 
cpd03122	C05268	M00087 
cpd03123	C05269	M00087 
cpd03124	C05270	M00087 
cpd03125	C05271	M00087 
cpd03126	C05272	M00087 
cpd03127	C05273	M00087 
cpd03128	C05274	M00087 
cpd03129	C05275	M00087 
cpd03130	C05276	M00087 
cpd12689	C05261	M00087 
cpd00022	C00024	M00088 
cpd00142	C00164	M00088 
cpd00178	C00207	M00088 
cpd00279	C00332	M00088 
cpd00292	C00356	M00088 
cpd00797	C01089	M00088 
cpd00080	C00093	M00089 
cpd00517	C00681	M00089 
cpd11422	C00416	M00089 
cpd11677	C00422	M00089 
cpd19004	C00641	M00089 
cpd00098	C00114	M00090 
cpd00256	C00307	M00090 
cpd00457	C00588	M00090 
cpd11624	C00157	M00090 
cpd11456	C00350	M00091 
cpd11624	C00157	M00091 
cpd11829	C01241	M00091 
cpd12514	C04308	M00091 
cpd00162	C00189	M00092 
cpd00285	C00346	M00092 
cpd00444	C00570	M00092 
cpd11456	C00350	M00092 
cpd11422	C00416	M00093 
cpd11427	C00269	M00093 
cpd11455	C02737	M00093 
cpd11456	C00350	M00093 
cpd00054	C00065	M00094 
cpd00134	C00154	M00094 
cpd00167	C00195	M00094 
cpd00623	C00836	M00094 
cpd01879	C02934	M00094 
cpd08908	C12126	M00094 
cpd00022	C00024	M00095 
cpd00113	C00129	M00095 
cpd00202	C00235	M00095 
cpd00279	C00332	M00095 
cpd00292	C00356	M00095 
cpd00332	C00418	M00095 
cpd00812	C01107	M00095 
cpd00841	C01143	M00095 
cpd00020	C00022	M00096 
cpd00102	C00118	M00096 
cpd00113	C00129	M00096 
cpd00202	C00235	M00096 
cpd08286	C11434	M00096 
cpd08287	C11435	M00096 
cpd08288	C11436	M00096 
cpd08289	C11437	M00096 
cpd08301	C11453	M00096 
cpd08615	C11811	M00096 
cpd00289	C00353	M00097 
cpd01420	C02094	M00097 
cpd02168	C03427	M00097 
cpd03211	C05421	M00097 
cpd03217	C05432	M00097 
cpd03220	C05435	M00097 
cpd14588	C15857	M00097 
cpd14589	C15858	M00097 
cpd21005	C19759	M00097 
cpd21010	C19764	M00097 
cpd21011	C19765	M00097 
cpd00100	C00116	M00098 
cpd01297	C01885	M00098 
cpd11677	C00422	M00098 
cpd19004	C00641	M00098 
cpd00134	C00154	M00099 
cpd00167	C00195	M00099 
cpd00267	C00319	M00099 
cpd00623	C00836	M00099 
cpd01879	C02934	M00099 
cpd08908	C12126	M00099 
cpd00267	C00319	M00100 
cpd00285	C00346	M00100 
cpd03651	C06124	M00100 
cpd00160	C00187	M00101 
cpd00776	C01054	M00101 
cpd00857	C01164	M00101 
cpd00877	C01189	M00101 
cpd01188	C01724	M00101 
cpd02398	C03845	M00101 
cpd03035	C05103	M00101 
cpd03038	C05108	M00101 
cpd03221	C05437	M00101 
cpd08302	C11455	M00101 
cpd14544	C15808	M00101 
cpd14552	C15816	M00101 
cpd00776	C01054	M00102 
cpd01170	C01694	M00102 
cpd01188	C01724	M00102 
cpd02755	C04525	M00102 
cpd03035	C05103	M00102 
cpd03038	C05108	M00102 
cpd03221	C05437	M00102 
cpd03223	C05440	M00102 
cpd03224	C05441	M00102 
cpd08302	C11455	M00102 
cpd14514	C15777	M00102 
cpd14516	C15780	M00102 
cpd14544	C15808	M00102 
cpd14552	C15816	M00102 
cpd00857	C01164	M00103 
cpd01099	C01561	M00103 
cpd01156	C01673	M00103 
cpd03226	C05443	M00103 
cpd00160	C00187	M00104 
cpd00526	C00695	M00104 
cpd00955	C01301	M00104 
cpd01237	C01794	M00104 
cpd01663	C02528	M00104 
cpd02262	C03594	M00104 
cpd02773	C04554	M00104 
cpd02878	C04722	M00104 
cpd03164	C05337	M00104 
cpd03227	C05444	M00104 
cpd03228	C05445	M00104 
cpd03229	C05446	M00104 
cpd03230	C05447	M00104 
cpd03231	C05448	M00104 
cpd03232	C05449	M00104 
cpd03234	C05451	M00104 
cpd03235	C05452	M00104 
cpd03236	C05453	M00104 
cpd03237	C05454	M00104 
cpd03238	C05455	M00104 
cpd03239	C17339	M00104 
cpd03241	C05460	M00104 
cpd03248	C05467	M00104 
cpd11262	C15613	M00104 
cpd11263	C15614	M00104 
cpd17481	C17343	M00104 
cpd17482	C17345	M00104 
cpd17483	C17346	M00104 
cpd00526	C00695	M00106 
cpd01237	C01794	M00106 
cpd01318	C01921	M00106 
cpd03047	C05122	M00106 
cpd00160	C00187	M00107 
cpd00325	C00410	M00107 
cpd01342	C01953	M00107 
cpd03274	C05500	M00107 
cpd03275	C05501	M00107 
cpd03276	C05502	M00107 
cpd00325	C00410	M00108 
cpd00827	C01124	M00108 
cpd01228	C01780	M00108 
cpd01450	C02140	M00108 
cpd02047	C03205	M00108 
cpd00325	C00410	M00109 
cpd00546	C00735	M00109 
cpd00566	C00762	M00109 
cpd00866	C01176	M00109 
cpd03268	C05488	M00109 
cpd00237	C00280	M00110 
cpd00362	C00468	M00110 
cpd00904	C01227	M00110 
cpd01342	C01953	M00110 
cpd03058	C05138	M00110 
cpd03137	C05290	M00110 
cpd03142	C05297	M00110 
cpd00289	C00353	M00112 
cpd00426	C00544	M00112 
cpd01628	C02477	M00112 
cpd01631	C02483	M00112 
cpd03214	C05427	M00112 
cpd09850	C14151	M00112 
cpd09851	C14152	M00112 
cpd09852	C14153	M00112 
cpd09853	C14154	M00112 
cpd09854	C14155	M00112 
cpd09855	C14156	M00112 
cpd14613	C15882	M00112 
cpd14614	C15883	M00112 
cpd23069	C20737	M00112 
cpd31311	C20738	M00112 
cpd00903	C01226	M00113 
cpd02846	C04672	M00113 
cpd02905	C04780	M00113 
cpd02907	C04785	M00113 
cpd03850	C06427	M00113 
cpd05399	C08491	M00113 
cpd15033	C16317	M00113 
cpd15043	C16327	M00113 
cpd15044	C16328	M00113 
cpd15046	C16330	M00113 
cpd15047	C16331	M00113 
cpd15048	C16332	M00113 
cpd15050	C16334	M00113 
cpd15051	C16335	M00113 
cpd15052	C16336	M00113 
cpd15054	C16338	M00113 
cpd15055	C16339	M00113 
cpd00059	C00072	M00114 
cpd00072	C00085	M00114 
cpd00083	C00096	M00114 
cpd00235	C00275	M00114 
cpd00485	C00636	M00114 
cpd00820	C01115	M00114 
cpd01257	C01825	M00114 
cpd01536	C02280	M00114 
cpd14655	C15926	M00114 
cpd00003	C00003	M00115 
cpd00041	C00049	M00115 
cpd00638	C00857	M00115 
cpd00873	C01185	M00115 
cpd02333	C03722	M00115 
cpd03470	C05840	M00115 
cpd00216	C00251	M00116 
cpd00658	C00885	M00116 
cpd01772	C02730	M00116 
cpd02021	C03160	M00116 
cpd02295	C03657	M00116 
cpd03451	C05817	M00116 
cpd03476	C05847	M00116 
cpd11217	C15547	M00116 
cpd12783	C05819	M00116 
cpd16335	C16519	M00116 
cpd21089	C19847	M00116 
cpd00136	C00156	M00117 
cpd00216	C00251	M00117 
cpd03476	C05847	M00117 
cpd11665	C00390	M00117 
cpd12780	C05807	M00117 
cpd12785	C05848	M00117 
cpd17676	C17551	M00117 
cpd17677	C17552	M00117 
cpd21100	C19858	M00117 
cpd21101	C19859	M00117 
cpd00023	C00025	M00118 
cpd00042	C00051	M00118 
cpd00506	C00669	M00118 
cpd00041	C00049	M00119 
cpd00085	C00099	M00119 
cpd00123	C00141	M00119 
cpd00156	C00183	M00119 
cpd00408	C00522	M00119 
cpd00644	C00864	M00119 
cpd00712	C00966	M00119 
cpd00010	C00010	M00120 
cpd00644	C00864	M00120 
cpd00655	C00882	M00120 
cpd00834	C01134	M00120 
cpd02201	C03492	M00120 
cpd02666	C04352	M00120 
cpd00023	C00025	M00121 
cpd00028	C00032	M00121 
cpd00338	C00430	M00121 
cpd00689	C00931	M00121 
cpd00755	C01024	M00121 
cpd00774	C01051	M00121 
cpd00791	C01079	M00121 
cpd01476	C02191	M00121 
cpd02083	C03263	M00121 
cpd02345	C03741	M00121 
cpd12227	C02987	M00121 
cpd00166	C00194	M00122 
cpd01997	C03114	M00122 
cpd02904	C04778	M00122 
cpd03423	C05775	M00122 
cpd03914	C06504	M00122 
cpd03916	C06506	M00122 
cpd03917	C06507	M00122 
cpd03918	C06508	M00122 
cpd03919	C06509	M00122 
cpd03920	C06510	M00122 
cpd00104	C00120	M00123 
cpd00764	C01037	M00123 
cpd00782	C01063	M00123 
cpd00800	C01092	M00123 
cpd01311	C01909	M00123 
cpd21087	C19845	M00123 
cpd00016	C00018	M00124 
cpd00236	C00279	M00124 
cpd00478	C00627	M00124 
cpd02147	C03393	M00124 
cpd03606	C06054	M00124 
cpd03607	C06055	M00124 
cpd04539	C07335	M00124 
cpd08449	C11638	M00124 
cpd00015	C00016	M00125 
cpd00038	C00044	M00125 
cpd00050	C00061	M00125 
cpd00171	C00199	M00125 
cpd00220	C00255	M00125 
cpd00931	C01268	M00125 
cpd00957	C01304	M00125 
cpd02656	C04332	M00125 
cpd02720	C04454	M00125 
cpd02882	C04732	M00125 
cpd11225	C15556	M00125 
cpd00038	C00044	M00126 
cpd00087	C00101	M00126 
cpd00330	C00415	M00126 
cpd00683	C00921	M00126 
cpd00954	C01300	M00126 
cpd02920	C04807	M00126 
cpd02961	C04874	M00126 
cpd02978	C04895	M00126 
cpd03518	C05922	M00126 
cpd03519	C05923	M00126 
cpd03521	C05925	M00126 
cpd03666	C06148	M00126 
cpd00056	C00068	M00127 
cpd00069	C00082	M00127 
cpd00793	C01081	M00127 
cpd02140	C03373	M00127 
cpd02775	C04556	M00127 
cpd02894	C04752	M00127 
cpd08289	C11437	M00127 
cpd14545	C15809	M00127 
cpd14546	C15810	M00127 
cpd14549	C15813	M00127 
cpd14550	C15814	M00127 
cpd21479	C20246	M00127 
cpd21480	C20247	M00127 
cpd00136	C00156	M00128 
cpd03476	C05847	M00128 
cpd11665	C00390	M00128 
cpd12785	C05848	M00128 
cpd17677	C17552	M00128 
cpd17679	C17554	M00128 
cpd17682	C17559	M00128 
cpd21100	C19858	M00128 
cpd21101	C19859	M00128 
cpd00026	C00029	M00129 
cpd00059	C00072	M00129 
cpd00089	C00103	M00129 
cpd00144	C00167	M00129 
cpd00164	C00191	M00129 
cpd00594	C00800	M00129 
cpd00765	C01040	M00129 
cpd12241	C03033	M00129 
cpd00916	C01245	M00130 
cpd00934	C01272	M00130 
cpd11837	C01277	M00130 
cpd12582	C04637	M00130 
cpd00121	C00137	M00131 
cpd00914	C01243	M00131 
cpd00934	C01272	M00131 
cpd02484	C04006	M00131 
cpd02513	C04063	M00131 
cpd00885	C01204	M00132 
cpd00914	C01243	M00132 
cpd00943	C01284	M00132 
cpd02729	C04477	M00132 
cpd00017	C00019	M00133 
cpd00051	C00062	M00133 
cpd00118	C00134	M00133 
cpd00152	C00179	M00133 
cpd00264	C00315	M00133 
cpd00837	C01137	M00133 
cpd00051	C00062	M00134 
cpd00064	C00077	M00134 
cpd00118	C00134	M00134 
cpd00118	C00134	M00135 
cpd00281	C00334	M00135 
cpd01758	C02714	M00135 
cpd01889	C02946	M00135 
cpd03529	C05936	M00135 
cpd00118	C00134	M00136 
cpd00281	C00334	M00136 
cpd11340	C15699	M00136 
cpd11341	C15700	M00136 
cpd11408	C15767	M00136 
cpd00066	C00079	M00137 
cpd00192	C00223	M00137 
cpd00333	C00423	M00137 
cpd00398	C00509	M00137 
cpd00604	C00811	M00137 
cpd03969	C06561	M00137 
cpd00398	C00509	M00138 
cpd00717	C00974	M00138 
cpd02289	C03648	M00138 
cpd03501	C05904	M00138 
cpd00087	C00101	M00140 
cpd00125	C00143	M00140 
cpd00201	C00234	M00140 
cpd00347	C00445	M00140 
cpd00087	C00101	M00141 
cpd00125	C00143	M00141 
cpd00201	C00234	M00141 
cpd00347	C00445	M00141 
cpd00003	C00003	M00142 
cpd00004	C00004	M00142 
cpd00067	C00080	M00142 
cpd11665	C00390	M00142 
cpd11669	C00399	M00142 
cpd00003	C00003	M00143 
cpd00004	C00004	M00143 
cpd00067	C00080	M00143 
cpd11665	C00390	M00143 
cpd11669	C00399	M00143 
cpd00003	C00003	M00144 
cpd00004	C00004	M00144 
cpd00067	C00080	M00144 
cpd11665	C00390	M00144 
cpd11669	C00399	M00144 
cpd00003	C00003	M00145 
cpd00004	C00004	M00145 
cpd00067	C00080	M00145 
cpd11665	C00390	M00145 
cpd11669	C00399	M00145 
cpd00003	C00003	M00146 
cpd00004	C00004	M00146 
cpd00067	C00080	M00146 
cpd11665	C00390	M00146 
cpd11669	C00399	M00146 
cpd00003	C00003	M00147 
cpd00004	C00004	M00147 
cpd00067	C00080	M00147 
cpd11665	C00390	M00147 
cpd11669	C00399	M00147 
cpd00036	C00042	M00148 
cpd00106	C00122	M00148 
cpd11665	C00390	M00148 
cpd11669	C00399	M00148 
cpd00036	C00042	M00149 
cpd00106	C00122	M00149 
cpd19168	C15602	M00149 
cpd30750	C15603	M00149 
cpd00036	C00042	M00150 
cpd00106	C00122	M00150 
cpd19168	C15602	M00150 
cpd30750	C15603	M00150 
cpd00067	C00080	M00151 
cpd00109	C00125	M00151 
cpd00110	C00126	M00151 
cpd19168	C15602	M00151 
cpd30750	C15603	M00151 
cpd00067	C00080	M00152 
cpd00109	C00125	M00152 
cpd00110	C00126	M00152 
cpd11665	C00390	M00152 
cpd11669	C00399	M00152 
cpd00001	C00001	M00153 
cpd00007	C00007	M00153 
cpd00067	C00080	M00153 
cpd11665	C00390	M00153 
cpd11669	C00399	M00153 
cpd00001	C00001	M00154 
cpd00007	C00007	M00154 
cpd00067	C00080	M00154 
cpd00109	C00125	M00154 
cpd00110	C00126	M00154 
cpd00001	C00001	M00155 
cpd00007	C00007	M00155 
cpd00067	C00080	M00155 
cpd00109	C00125	M00155 
cpd00110	C00126	M00155 
cpd00001	C00001	M00156 
cpd00007	C00007	M00156 
cpd00067	C00080	M00156 
cpd00109	C00125	M00156 
cpd00110	C00126	M00156 
cpd00001	C00001	M00157 
cpd00002	C00002	M00157 
cpd00008	C00008	M00157 
cpd00009	C00009	M00157 
cpd00001	C00001	M00158 
cpd00002	C00002	M00158 
cpd00008	C00008	M00158 
cpd00009	C00009	M00158 
cpd00001	C00001	M00159 
cpd00002	C00002	M00159 
cpd00008	C00008	M00159 
cpd00009	C00009	M00159 
cpd00001	C00001	M00160 
cpd00002	C00002	M00160 
cpd00008	C00008	M00160 
cpd00009	C00009	M00160 
cpd00001	C00001	M00161 
cpd00007	C00007	M00161 
cpd12011	C02061	M00161 
cpd16486	C16693	M00161 
cpd12011	C02061	M00162 
cpd12239	C03025	M00162 
cpd12265	C03162	M00162 
cpd16486	C16693	M00162 
cpd11620	C00138	M00163 
cpd11621	C00139	M00163 
cpd12239	C03025	M00163 
cpd12265	C03162	M00163 
cpd00011	C00011	M00165 
cpd00072	C00085	M00165 
cpd00095	C00111	M00165 
cpd00101	C00117	M00165 
cpd00102	C00118	M00165 
cpd00169	C00197	M00165 
cpd00171	C00199	M00165 
cpd00198	C00231	M00165 
cpd00203	C00236	M00165 
cpd00236	C00279	M00165 
cpd00238	C05382	M00165 
cpd00290	C00354	M00165 
cpd00349	C00447	M00165 
cpd00871	C01182	M00165 
cpd00101	C00117	M00166 
cpd00101	C00117	M00167 
cpd00011	C00011	M00168 
cpd00032	C00036	M00168 
cpd00061	C00074	M00168 
cpd00130	C00149	M00168 
cpd00011	C00011	M00169 
cpd00020	C00022	M00169 
cpd00061	C00074	M00169 
cpd00130	C00149	M00169 
cpd00011	C00011	M00170 
cpd00032	C00036	M00170 
cpd00041	C00049	M00170 
cpd00061	C00074	M00170 
cpd00011	C00011	M00171 
cpd00020	C00022	M00171 
cpd00032	C00036	M00171 
cpd00035	C00041	M00171 
cpd00041	C00049	M00171 
cpd00061	C00074	M00171 
cpd00130	C00149	M00171 
cpd00011	C00011	M00172 
cpd00020	C00022	M00172 
cpd00032	C00036	M00172 
cpd00061	C00074	M00172 
cpd00130	C00149	M00172 
cpd00020	C00022	M00173 
cpd00022	C00024	M00173 
cpd00024	C00026	M00173 
cpd00032	C00036	M00173 
cpd00036	C00042	M00173 
cpd00061	C00074	M00173 
cpd00078	C00091	M00173 
cpd00106	C00122	M00173 
cpd00130	C00149	M00173 
cpd00137	C00158	M00173 
cpd00260	C00311	M00173 
cpd00331	C00417	M00173 
cpd00442	C00566	M00173 
cpd00055	C00067	M00174 
cpd00116	C00132	M00174 
cpd01024	C01438	M00174 
cpd00013	C00014	M00175 
cpd00528	C00697	M00175 
cpd19013	C00014	M00175 
cpd00044	C00053	M00176 
cpd00048	C00059	M00176 
cpd00081	C00094	M00176 
cpd00193	C00224	M00176 
cpd00239	C00283	M00176 
cpd24697	C00283	M00176 
cpd00020	C00022	M00307 
cpd00022	C00024	M00307 
cpd00056	C00068	M00307 
cpd03049	C05125	M00307 
cpd19171	C15972	M00307 
cpd19172	C15973	M00307 
cpd19180	C16255	M00307 
cpd00020	C00022	M00308 
cpd00102	C00118	M00308 
cpd00169	C00197	M00308 
cpd00176	C00204	M00308 
cpd00203	C00236	M00308 
cpd00222	C00257	M00308 
cpd02711	C04442	M00308 
cpd00020	C00022	M00309 
cpd00176	C00204	M00309 
cpd00222	C00257	M00309 
cpd00223	C00258	M00309 
cpd00448	C00577	M00309 
cpd00653	C00880	M00309 
cpd00894	C01216	M00309 
cpd00054	C00065	M00338 
cpd00084	C00097	M00338 
cpd00135	C00155	M00338 
cpd19019	C02291	M00338 
cpd00055	C00067	M00344 
cpd00072	C00085	M00344 
cpd00095	C00111	M00344 
cpd00157	C00184	M00344 
cpd00290	C00354	M00344 
cpd00055	C00067	M00345 
cpd00072	C00085	M00345 
cpd00102	C00118	M00345 
cpd00171	C00199	M00345 
cpd00290	C00354	M00345 
cpd03583	C06019	M00345 
cpd00032	C00036	M00346 
cpd00033	C00037	M00346 
cpd00040	C00048	M00346 
cpd00054	C00065	M00346 
cpd00061	C00074	M00346 
cpd00130	C00149	M00346 
cpd00145	C00168	M00346 
cpd00223	C00258	M00346 
cpd00482	C00631	M00346 
cpd02662	C04348	M00346 
cpd00116	C00132	M00356 
cpd01024	C01438	M00356 
cpd02438	C03920	M00356 
cpd02817	C04628	M00356 
cpd02935	C04832	M00356 
cpd00022	C00024	M00357 
cpd00029	C00033	M00357 
cpd00196	C00227	M00357 
cpd01024	C01438	M00357 
cpd02246	C03576	M00357 
cpd02438	C03920	M00357 
cpd02737	C04488	M00357 
cpd02817	C04628	M00357 
cpd02935	C04832	M00357 
cpd00061	C00074	M00358 
cpd00460	C00593	M00358 
cpd02246	C03576	M00358 
cpd03285	C05528	M00358 
cpd08366	C11536	M00358 
cpd08367	C11537	M00358 
cpd02246	C03576	M00363 
cpd00113	C00129	M00364 
cpd00202	C00235	M00364 
cpd00283	C00341	M00364 
cpd00289	C00353	M00364 
cpd00350	C00448	M00364 
cpd00113	C00129	M00365 
cpd00202	C00235	M00365 
cpd00283	C00341	M00365 
cpd00289	C00353	M00365 
cpd00350	C00448	M00365 
cpd00113	C00129	M00366 
cpd00202	C00235	M00366 
cpd00283	C00341	M00366 
cpd00289	C00353	M00366 
cpd00350	C00448	M00366 
cpd00113	C00129	M00367 
cpd00202	C00235	M00367 
cpd00283	C00341	M00367 
cpd00289	C00353	M00367 
cpd00350	C00448	M00367 
cpd00017	C00019	M00368 
cpd00060	C00073	M00368 
cpd00909	C01234	M00368 
cpd03956	C06547	M00368 
cpd00069	C00082	M00369 
cpd01927	C03004	M00369 
cpd02346	C03742	M00369 
cpd02664	C04350	M00369 
cpd03062	C05143	M00369 
cpd11185	C15503	M00369 
cpd00065	C00078	M00370 
cpd01880	C02937	M00370 
cpd03467	C05837	M00370 
cpd16332	C16516	M00370 
cpd16333	C16517	M00370 
cpd16334	C16518	M00370 
cpd01234	C01789	M00371 
cpd14530	C15794	M00371 
cpd14531	C15795	M00371 
cpd14532	C15796	M00371 
cpd14533	C15797	M00371 
cpd14536	C15800	M00371 
cpd14537	C15801	M00371 
cpd14538	C15802	M00371 
cpd14539	C15803	M00371 
cpd01420	C02094	M00372 
cpd03624	C06082	M00372 
cpd03637	C06098	M00372 
cpd05486	C08579	M00372 
cpd05498	C08591	M00372 
cpd05513	C08606	M00372 
cpd05521	C08614	M00372 
cpd09433	C13431	M00372 
cpd09434	C13433	M00372 
cpd09439	C13453	M00372 
cpd09441	C13455	M00372 
cpd00022	C00024	M00373 
cpd00040	C00048	M00373 
cpd00078	C00091	M00373 
cpd00086	C00100	M00373 
cpd00130	C00149	M00373 
cpd00279	C00332	M00373 
cpd00519	C00683	M00373 
cpd00650	C00877	M00373 
cpd00891	C01213	M00373 
cpd02234	C03561	M00373 
cpd02662	C04348	M00373 
cpd03588	C06027	M00373 
cpd03589	C06028	M00373 
cpd18009	C18026	M00373 
cpd19589	C18324	M00373 
cpd21471	C20238	M00373 
cpd00020	C00022	M00374 
cpd00022	C00024	M00374 
cpd00032	C00036	M00374 
cpd00036	C00042	M00374 
cpd00061	C00074	M00374 
cpd00078	C00091	M00374 
cpd00106	C00122	M00374 
cpd00130	C00149	M00374 
cpd00199	C00232	M00374 
cpd00279	C00332	M00374 
cpd00650	C00877	M00374 
cpd00728	C00989	M00374 
cpd00842	C01144	M00374 
cpd07946	C11062	M00374 
cpd00022	C00024	M00375 
cpd00070	C00083	M00375 
cpd00078	C00091	M00375 
cpd00086	C00100	M00375 
cpd00191	C00222	M00375 
cpd00199	C00232	M00375 
cpd00279	C00332	M00375 
cpd00519	C00683	M00375 
cpd00650	C00877	M00375 
cpd00663	C00894	M00375 
cpd00728	C00989	M00375 
cpd00745	C01013	M00375 
cpd00842	C01144	M00375 
cpd00891	C01213	M00375 
cpd03375	C05668	M00375 
cpd07946	C11062	M00375 
cpd00020	C00022	M00376 
cpd00022	C00024	M00376 
cpd00036	C00042	M00376 
cpd00040	C00048	M00376 
cpd00070	C00083	M00376 
cpd00078	C00091	M00376 
cpd00086	C00100	M00376 
cpd00106	C00122	M00376 
cpd00130	C00149	M00376 
cpd00191	C00222	M00376 
cpd00519	C00683	M00376 
cpd00663	C00894	M00376 
cpd00743	C01011	M00376 
cpd00745	C01013	M00376 
cpd00891	C01213	M00376 
cpd02662	C04348	M00376 
cpd03375	C05668	M00376 
cpd03588	C06027	M00376 
cpd03589	C06028	M00376 
cpd19588	C18323	M00376 
cpd00011	C00011	M00377 
cpd00022	C00024	M00377 
cpd00047	C00058	M00377 
cpd00087	C00101	M00377 
cpd00125	C00143	M00377 
cpd00201	C00234	M00377 
cpd00204	C00237	M00377 
cpd00345	C00440	M00377 
cpd00347	C00445	M00377 
cpd00649	C00876	M00378 
cpd02882	C04732	M00378 
cpd15839	C19154	M00378 
cpd15889	C19155	M00378 
cpd20412	C19152	M00378 
cpd20413	C19153	M00378 
cpd20414	C19156	M00378 
cpd00649	C00876	M00415 
cpd00001	C00001	M00416 
cpd00007	C00007	M00416 
cpd11451	C00828	M00416 
cpd12783	C05819	M00416 
cpd00001	C00001	M00417 
cpd00007	C00007	M00417 
cpd11665	C00390	M00417 
cpd11669	C00399	M00417 
cpd00401	C00512	M00418 
cpd01034	C01455	M00418 
cpd06708	C09816	M00418 
cpd06709	C09817	M00418 
cpd06710	C09818	M00418 
cpd06711	C09819	M00418 
cpd06712	C09820	M00418 
cpd03982	C06575	M00419 
cpd03983	C06576	M00419 
cpd03984	C06577	M00419 
cpd03985	C06578	M00419 
cpd00011	C00011	M00422 
cpd00022	C00024	M00422 
cpd00204	C00237	M00422 
cpd00022	C00024	M00432 
cpd00123	C00141	M00432 
cpd00200	C00233	M00432 
cpd01646	C02504	M00432 
cpd02693	C04411	M00432 
cpd00022	C00024	M00433 
cpd00024	C00026	M00433 
cpd00269	C00322	M00433 
cpd00919	C01251	M00433 
cpd02483	C04002	M00433 
cpd03372	C05662	M00433 
cpd00039	C00047	M00525 
cpd00041	C00049	M00525 
cpd00346	C00441	M00525 
cpd00504	C00666	M00525 
cpd00516	C00680	M00525 
cpd01977	C03082	M00525 
cpd02465	C03972	M00525 
cpd02685	C04390	M00525 
cpd03289	C05539	M00525 
cpd21488	C20258	M00525 
cpd00039	C00047	M00526 
cpd00041	C00049	M00526 
cpd00346	C00441	M00526 
cpd00516	C00680	M00526 
cpd01977	C03082	M00526 
cpd02414	C03871	M00526 
cpd02465	C03972	M00526 
cpd21488	C20258	M00526 
cpd00039	C00047	M00527 
cpd00041	C00049	M00527 
cpd00346	C00441	M00527 
cpd00504	C00666	M00527 
cpd00516	C00680	M00527 
cpd01977	C03082	M00527 
cpd02465	C03972	M00527 
cpd21488	C20258	M00527 
cpd00013	C00014	M00528 
cpd00075	C00088	M00528 
cpd00165	C00192	M00528 
cpd19013	C00014	M00528 
cpd00075	C00088	M00529 
cpd00209	C00244	M00529 
cpd00418	C00533	M00529 
cpd00528	C00697	M00529 
cpd00659	C00887	M00529 
cpd00013	C00014	M00530 
cpd00075	C00088	M00530 
cpd00209	C00244	M00530 
cpd19013	C00014	M00530 
cpd00013	C00014	M00531 
cpd00075	C00088	M00531 
cpd00209	C00244	M00531 
cpd19013	C00014	M00531 
cpd00007	C00007	M00532 
cpd00013	C00014	M00532 
cpd00023	C00025	M00532 
cpd00024	C00026	M00532 
cpd00025	C00027	M00532 
cpd00033	C00037	M00532 
cpd00040	C00048	M00532 
cpd00054	C00065	M00532 
cpd00139	C00160	M00532 
cpd00145	C00168	M00532 
cpd00169	C00197	M00532 
cpd00223	C00258	M00532 
cpd00727	C00988	M00532 
cpd00871	C01182	M00532 
cpd19013	C00014	M00532 
cpd00854	C01161	M00533 
cpd01960	C03063	M00533 
cpd02507	C04052	M00533 
cpd02572	C04186	M00533 
cpd02828	C04642	M00533 
cpd03326	C05600	M00533 
cpd00599	C00805	M00534 
cpd00618	C00829	M00534 
cpd01932	C03012	M00534 
cpd02646	C04314	M00534 
cpd03709	C06202	M00534 
cpd03710	C06203	M00534 
cpd03711	C06204	M00534 
cpd00020	C00022	M00535 
cpd00094	C00109	M00535 
cpd01502	C02226	M00535 
cpd01700	C02612	M00535 
cpd03593	C06032	M00535 
cpd01033	C01454	M00537 
cpd04136	C06756	M00537 
cpd04137	C06757	M00537 
cpd04138	C06758	M00537 
cpd04446	C07208	M00537 
cpd04447	C07209	M00537 
cpd04449	C07211	M00537 
cpd04450	C07212	M00537 
cpd04451	C07213	M00537 
cpd04452	C07214	M00537 
cpd04453	C07215	M00537 
cpd04454	C07216	M00537 
cpd00153	C00180	M00538 
cpd00435	C00556	M00538 
cpd01034	C01455	M00538 
cpd00461	C00596	M00539 
cpd01711	C02632	M00539 
cpd03985	C06578	M00539 
cpd03986	C06579	M00539 
cpd03987	C06580	M00539 
cpd03988	C06581	M00539 
cpd03989	C06582	M00539 
cpd00782	C01063	M00540 
cpd06703	C09811	M00540 
cpd06704	C09812	M00540 
cpd06705	C09813	M00540 
cpd06714	C09822	M00540 
cpd06715	C09823	M00540 
cpd00401	C00512	M00541 
cpd03763	C06322	M00541 
cpd04103	C06714	M00541 
cpd04130	C06749	M00541 
cpd06713	C09821	M00541 
cpd04103	C06714	M00542 
cpd00153	C00180	M00543 
cpd00461	C00596	M00543 
cpd00935	C01273	M00543 
cpd01582	C02370	M00543 
cpd01661	C02526	M00543 
cpd03990	C06584	M00543 
cpd03991	C06585	M00543 
cpd03992	C06586	M00543 
cpd03993	C06587	M00543 
cpd03994	C06588	M00543 
cpd03995	C06589	M00543 
cpd00093	C00108	M00544 
cpd00461	C00596	M00544 
cpd05039	C08060	M00544 
cpd05040	C08061	M00544 
cpd05041	C08062	M00544 
cpd00022	C00024	M00545 
cpd00071	C00084	M00545 
cpd00333	C00423	M00545 
cpd00461	C00596	M00545 
cpd02258	C03589	M00545 
cpd09252	C12621	M00545 
cpd09253	C12622	M00545 
cpd09254	C12623	M00545 
cpd09255	C12624	M00545 
cpd00073	C00086	M00546 
cpd00300	C00366	M00546 
cpd00309	C00385	M00546 
cpd00388	C00499	M00546 
cpd08625	C11821	M00546 
cpd09027	C12248	M00546 
cpd19020	C02350	M00546 
cpd00077	C00090	M00547 
cpd01007	C01407	M00547 
cpd01034	C01455	M00547 
cpd01871	C02923	M00547 
cpd02529	C04091	M00547 
cpd02798	C04592	M00547 
cpd00077	C00090	M00548 
cpd00127	C00146	M00548 
cpd01007	C01407	M00548 
cpd00026	C00029	M00549 
cpd00089	C00103	M00549 
cpd19001	C00267	M00549 
cpd19006	C00668	M00549 
cpd00059	C00072	M00550 
cpd00198	C00231	M00550 
cpd00808	C01101	M00550 
cpd02100	C03291	M00550 
cpd10596	C14899	M00550 
cpd14905	C16186	M00550 
cpd00077	C00090	M00551 
cpd00153	C00180	M00551 
cpd01033	C01454	M00551 
cpd01871	C02923	M00551 
cpd03762	C06321	M00551 
cpd04108	C06720	M00551 
cpd04116	C06729	M00551 
cpd04117	C06730	M00551 
cpd04118	C06731	M00551 
cpd04449	C07211	M00551 
cpd04453	C07215	M00551 
cpd00102	C00118	M00552 
cpd00169	C00197	M00552 
cpd00203	C00236	M00552 
cpd00653	C00880	M00552 
cpd00894	C01216	M00552 
cpd00945	C01286	M00552 
cpd00043	C00052	M00554 
cpd00348	C00446	M00554 
cpd00724	C00984	M00554 
cpd00098	C00114	M00555 
cpd00447	C00576	M00555 
cpd00540	C00719	M00555 
cpd00187	C00218	M00563 
cpd00425	C00543	M00563 
cpd00441	C00565	M00563 
cpd01024	C01438	M00563 
cpd02438	C03920	M00563 
cpd02817	C04628	M00563 
cpd02935	C04832	M00563 
cpd02935	C04832	M00564 
cpd00089	C00103	M00565 
cpd00387	C00498	M00565 
cpd00794	C01083	M00565 
cpd11657	C00369	M00565 
cpd11735	C00718	M00565 
cpd11976	C01935	M00565 
cpd12869	C06400	M00565 
cpd00011	C00011	M00567 
cpd00735	C01001	M00567 
cpd00936	C01274	M00567 
cpd01024	C01438	M00567 
cpd02246	C03576	M00567 
cpd02438	C03920	M00567 
cpd02655	C04330	M00567 
cpd02679	C04377	M00567 
cpd02737	C04488	M00567 
cpd02817	C04628	M00567 
cpd02935	C04832	M00567 
cpd00077	C00090	M00568 
cpd00630	C00846	M00568 
cpd01630	C02480	M00568 
cpd02255	C03586	M00568 
cpd19162	C14610	M00568 
cpd00020	C00022	M00569 
cpd00022	C00024	M00569 
cpd00071	C00084	M00569 
cpd00077	C00090	M00569 
cpd00086	C00100	M00569 
cpd00371	C00479	M00569 
cpd00461	C00596	M00569 
cpd00518	C00682	M00569 
cpd01644	C02501	M00569 
cpd02183	C03453	M00569 
cpd02258	C03589	M00569 
cpd04117	C06730	M00569 
cpd04139	C06760	M00569 
cpd04141	C06762	M00569 
cpd04651	C07478	M00569 
cpd04652	C07479	M00569 
cpd08209	C11354	M00569 
cpd00094	C00109	M00570 
cpd00161	C00188	M00570 
cpd00322	C00407	M00570 
cpd00508	C00671	M00570 
cpd10162	C14463	M00570 
cpd11492	C01209	M00572 
cpd20921	C19673	M00572 
cpd21087	C19845	M00572 
cpd21088	C19846	M00572 
cpd31062	C20372	M00572 
cpd31063	C20373	M00572 
cpd31064	C20374	M00572 
cpd31065	C20375	M00572 
cpd31066	C20376	M00572 
cpd31067	C20377	M00572 
cpd31068	C20378	M00572 
cpd00104	C00120	M00573 
cpd00764	C01037	M00573 
cpd00800	C01092	M00573 
cpd01311	C01909	M00573 
cpd21087	C19845	M00573 
cpd00104	C00120	M00574 
cpd00104	C00120	M00575 
cpd00104	C00120	M00577 
cpd00764	C01037	M00577 
cpd00782	C01063	M00577 
cpd00800	C01092	M00577 
cpd01311	C01909	M00577 
cpd01727	C02656	M00577 
cpd00022	C00024	M00579 
cpd00029	C00033	M00579 
cpd00196	C00227	M00579 
cpd00072	C00085	M00580 
cpd00101	C00117	M00580 
cpd00171	C00199	M00580 
cpd03583	C06019	M00580 
cpd00048	C00059	M00595 
cpd00268	C00320	M00595 
cpd00048	C00059	M00596 
cpd00081	C00094	M00596 
cpd00193	C00224	M00596 
cpd00239	C00283	M00596 
cpd24697	C00283	M00596 
cpd00022	C00024	M00608 
cpd00024	C00026	M00608 
cpd00269	C00322	M00608 
cpd00919	C01251	M00608 
cpd02483	C04002	M00608 
cpd03372	C05662	M00608 
cpd15831	C16583	M00608 
cpd15832	C16598	M00608 
cpd15882	C20581	M00608 
cpd15883	C20582	M00608 
cpd15908	C16597	M00608 
cpd15909	C16600	M00608 
cpd16397	C16588	M00608 
cpd16398	C16589	M00608 
cpd00017	C00019	M00609 
cpd00019	C00021	M00609 
cpd00060	C00073	M00609 
cpd00084	C00097	M00609 
cpd00135	C00155	M00609 
cpd02227	C03539	M00609 
cpd19019	C02291	M00609 
cpd00020	C00022	M00620 
cpd00022	C00024	M00620 
cpd00024	C00026	M00620 
cpd00032	C00036	M00620 
cpd00036	C00042	M00620 
cpd00078	C00091	M00620 
cpd00106	C00122	M00620 
cpd00130	C00149	M00620 
cpd00106	C00122	M00622 
cpd00218	C00253	M00622 
cpd00752	C01020	M00622 
cpd00778	C01059	M00622 
cpd00996	C01384	M00622 
cpd01123	C01596	M00622 
cpd16741	C18232	M00622 
cpd00197	C00230	M00623 
cpd01129	C01606	M00623 
cpd02070	C03233	M00623 
cpd02906	C04783	M00623 
cpd00197	C00230	M00624 
cpd03759	C06318	M00624 
cpd03778	C06337	M00624 
cpd00197	C00230	M00625 
cpd00197	C00230	M00627 
cpd00100	C00116	M00630 
cpd00280	C00333	M00630 
cpd01605	C02426	M00630 
cpd14659	C15930	M00630 
cpd23364	C20680	M00630 
cpd00020	C00022	M00631 
cpd00102	C00118	M00631 
cpd00176	C00204	M00631 
cpd00280	C00333	M00631 
cpd00437	C00558	M00631 
cpd00608	C00817	M00631 
cpd02711	C04442	M00631 
cpd00026	C00029	M00632 
cpd00043	C00052	M00632 
cpd00089	C00103	M00632 
cpd00108	C00124	M00632 
cpd00348	C00446	M00632 
cpd00724	C00984	M00632 
cpd00020	C00022	M00633 
cpd00102	C00118	M00633 
cpd00169	C00197	M00633 
cpd00176	C00204	M00633 
cpd00222	C00257	M00633 
cpd00653	C00880	M00633 
cpd00894	C01216	M00633 
cpd00945	C01286	M00633 
cpd02711	C04442	M00633 
cpd00197	C00230	M00636 
cpd01129	C01606	M00636 
cpd02061	C03223	M00636 
cpd19580	C18314	M00636 
cpd00077	C00090	M00637 
cpd00093	C00108	M00637 
cpd00479	C00628	M00638 
cpd00599	C00805	M00638 
cpd00479	C00628	M00649 
cpd00479	C00628	M00651 
cpd00479	C00628	M00652 
cpd00289	C00353	M00661 
cpd02210	C03506	M00661 
cpd31166	C20525	M00661 
cpd31167	C20526	M00661 
cpd31168	C20527	M00661 
cpd31170	C20529	M00661 
cpd31171	C20530	M00661 
cpd00084	C00097	M00672 
cpd00156	C00183	M00672 
cpd00705	C00956	M00672 
cpd03295	C05556	M00672 
cpd03296	C05557	M00672 
cpd11668	C00395	M00672 
cpd00084	C00097	M00673 
cpd00156	C00183	M00673 
cpd00705	C00956	M00673 
cpd01995	C03112	M00673 
cpd03295	C05556	M00673 
cpd03296	C05557	M00673 
cpd03972	C06564	M00673 
cpd03973	C06565	M00673 
cpd03974	C06566	M00673 
cpd03975	C06568	M00673 
cpd03976	C06569	M00673 
cpd00051	C00062	M00674 
cpd00102	C00118	M00674 
cpd04058	C06655	M00674 
cpd04059	C06656	M00674 
cpd04060	C06657	M00674 
cpd04061	C06658	M00674 
cpd04062	C06659	M00674 
cpd04063	C06660	M00674 
cpd00070	C00083	M00675 
cpd02431	C03912	M00675 
cpd04070	C06669	M00675 
cpd17500	C17366	M00675 
cpd17501	C17367	M00675 
cpd04070	C06669	M00725 
cpd04070	C06669	M00726 
cpd04070	C06669	M00730 
cpd00051	C00062	M00736 
cpd00054	C00065	M00736 
cpd00687	C00927	M00736 
cpd01332	C01941	M00736 
cpd09094	C12323	M00736 
cpd11944	C01739	M00736 
cpd17485	C17351	M00736 
cpd17486	C17352	M00736 
cpd17489	C17355	M00736 
cpd00022	C00024	M00740 
cpd00023	C00025	M00740 
cpd00024	C00026	M00740 
cpd00032	C00036	M00740 
cpd00040	C00048	M00740 
cpd00130	C00149	M00740 
cpd00137	C00158	M00740 
cpd00260	C00311	M00740 
cpd00331	C00417	M00740 
cpd01194	C01732	M00740 
cpd02273	C03618	M00740 
cpd02662	C04348	M00740 
cpd03187	C05379	M00740 
cpd03588	C06027	M00740 
cpd03589	C06028	M00740 
cpd00078	C00091	M00741 
cpd00086	C00100	M00741 
cpd00519	C00683	M00741 
cpd00891	C01213	M00741 
cpd00144	C00167	M00761 
cpd14874	C16153	M00761 
cpd14875	C16154	M00761 
cpd14876	C16155	M00761 
cpd14877	C16156	M00761 
cpd14878	C16157	M00761 
cpd00023	C00025	M00763 
cpd00064	C00077	M00763 
cpd00070	C00083	M00773 
cpd00553	C00744	M00773 
cpd01036	C01457	M00773 
cpd01597	C02400	M00773 
cpd01675	C02557	M00773 
cpd08797	C12000	M00773 
cpd08798	C12001	M00773 
cpd08799	C12002	M00773 
cpd08800	C12003	M00773 
cpd31328	C20760	M00773 
cpd00086	C00100	M00774 
cpd00519	C00683	M00774 
cpd01313	C01912	M00774 
cpd02075	C03240	M00774 
cpd04020	C06616	M00774 
cpd04034	C06630	M00774 
cpd04037	C06633	M00774 
cpd04039	C06635	M00774 
cpd04056	C06653	M00774 
cpd00070	C00083	M00775 
cpd01337	C01946	M00775 
cpd01675	C02557	M00775 
cpd08786	C11989	M00775 
cpd08787	C11990	M00775 
cpd08788	C11991	M00775 
cpd08789	C11992	M00775 
cpd00070	C00083	M00776 
cpd00519	C00683	M00776 
cpd08790	C11993	M00776 
cpd08791	C11994	M00776 
cpd08793	C11996	M00776 
cpd08794	C11997	M00776 
cpd08795	C11998	M00776 
cpd08796	C11999	M00776 
cpd00481	C00630	M00777 
cpd00760	C01033	M00777 
cpd08758	C11961	M00777 
cpd08759	C11962	M00777 
cpd08760	C11963	M00777 
cpd08761	C11964	M00777 
cpd08762	C11965	M00777 
cpd08763	C11966	M00777 
cpd08764	C11967	M00777 
cpd08765	C11968	M00777 
cpd08774	C11977	M00777 
cpd08775	C11978	M00777 
cpd08776	C11979	M00777 
cpd08777	C11980	M00777 
cpd08778	C11981	M00777 
cpd08779	C11982	M00777 
cpd08780	C11983	M00777 
cpd08781	C11984	M00777 
cpd00070	C00083	M00778 
cpd09193	C12442	M00778 
cpd13411	C12348	M00778 
cpd13417	C12354	M00778 
cpd13430	C12441	M00778 
cpd19559	C18293	M00778 
cpd19560	C18294	M00778 
cpd19592	C18327	M00778 
cpd19593	C18328	M00778 
cpd19594	C18329	M00778 
cpd19595	C18330	M00778 
cpd19596	C18331	M00778 
cpd19597	C18332	M00778 
cpd19601	C18336	M00778 
cpd19602	C18337	M00778 
cpd19618	C18353	M00778 
cpd19892	C18629	M00778 
cpd19972	C18709	M00778 
cpd09186	C12434	M00779 
cpd09187	C12435	M00779 
cpd09188	C12436	M00779 
cpd19618	C18353	M00779 
cpd19619	C18354	M00779 
cpd19621	C18356	M00779 
cpd01820	C02811	M00780 
cpd02048	C03206	M00780 
cpd03977	C06570	M00780 
cpd04028	C06624	M00780 
cpd04031	C06627	M00780 
cpd04032	C06628	M00780 
cpd04033	C06629	M00780 
cpd04057	C06654	M00780 
cpd19561	C18295	M00780 
cpd19562	C18296	M00780 
cpd09168	C12416	M00781 
cpd09172	C12420	M00781 
cpd09173	C12421	M00781 
cpd09174	C12422	M00781 
cpd09175	C12423	M00781 
cpd09176	C12424	M00781 
cpd13429	C12415	M00781 
cpd19892	C18629	M00781 
cpd19893	C18630	M00781 
cpd19894	C18631	M00781 
cpd04563	C12389	M00782 
cpd09135	C12382	M00782 
cpd09136	C12383	M00782 
cpd09137	C12384	M00782 
cpd09138	C12385	M00782 
cpd09139	C12386	M00782 
cpd09141	C12388	M00782 
cpd19114	C12387	M00782 
cpd19973	C18710	M00782 
cpd19974	C18711	M00782 
cpd04173	C06801	M00783 
cpd09119	C12366	M00783 
cpd09120	C12367	M00783 
cpd09121	C12368	M00783 
cpd09122	C12369	M00783 
cpd09123	C12370	M00783 
cpd09124	C12371	M00783 
cpd09131	C12378	M00783 
cpd09132	C12379	M00783 
cpd09132	C12379	M00784 
cpd09134	C12381	M00784 
cpd00051	C00062	M00785 
cpd00054	C00065	M00785 
cpd00064	C00077	M00785 
cpd00722	C00979	M00785 
cpd03527	C05933	M00785 
cpd04338	C07044	M00785 
cpd05036	C08057	M00785 
cpd31248	C20639	M00785 
cpd31255	C20651	M00785 
cpd00065	C00078	M00786 
cpd00129	C00148	M00786 
cpd21284	C20045	M00786 
cpd31155	C20512	M00786 
cpd31156	C20513	M00786 
cpd31192	C20563	M00786 
cpd31193	C20564	M00786 
cpd31223	C20604	M00786 
cpd31224	C20605	M00786 
cpd31225	C20607	M00786 
cpd31241	C20630	M00786 
cpd00219	C00254	M00787 
cpd00289	C00353	M00788 
cpd21057	C19814	M00788 
cpd21058	C19815	M00788 
cpd00065	C00078	M00789 
cpd20935	C19687	M00789 
cpd20936	C19688	M00789 
cpd20946	C19698	M00789 
cpd20947	C19699	M00789 
cpd20948	C19700	M00789 
cpd20949	C19701	M00789 
cpd00065	C00078	M00790 
cpd09228	C12491	M00790 
cpd20935	C19687	M00790 
cpd00089	C00103	M00793 
cpd00521	C11907	M00793 
cpd00522	C00688	M00793 
cpd00626	C00842	M00793 
cpd02113	C03319	M00793 
cpd08300	C00688	M00793 
cpd00521	C11907	M00794 
cpd08710	C11912	M00794 
cpd08723	C11926	M00794 
cpd00521	C11907	M00795 
cpd08307	C11460	M00795 
cpd08723	C11926	M00795 
cpd09224	C12481	M00795 
cpd00521	C11907	M00796 
cpd04021	C11908	M00796 
cpd08722	C11925	M00796 
cpd08730	C11933	M00796 
cpd00521	C11907	M00797 
cpd02616	C04268	M00797 
cpd04022	C11909	M00797 
cpd04023	C11910	M00797 
cpd04036	C11911	M00797 
cpd00521	C11907	M00798 
cpd04024	C06620	M00798 
cpd04035	C11916	M00798 
cpd08712	C11915	M00798 
cpd08725	C11928	M00798 
cpd18018	C18035	M00798 
cpd00521	C11907	M00799 
cpd04024	C06620	M00799 
cpd08718	C11921	M00799 
cpd08724	C11927	M00799 
cpd08725	C11928	M00799 
cpd00521	C11907	M00800 
cpd04024	C06620	M00800 
cpd08716	C11919	M00800 
cpd09089	C12318	M00800 
cpd00521	C11907	M00801 
cpd04024	C06620	M00801 
cpd04025	C11922	M00801 
cpd08717	C11920	M00801 
cpd08724	C11927	M00801 
cpd00521	C11907	M00802 
cpd04024	C06620	M00802 
cpd04025	C11922	M00802 
cpd18015	C18032	M00802 
cpd18016	C18033	M00802 
cpd18017	C18034	M00802 
cpd00521	C11907	M00803 
cpd04024	C06620	M00803 
cpd18012	C18029	M00803 
cpd18013	C18030	M00803 
cpd18014	C18031	M00803 
cpd00013	C00014	M00804 
cpd00075	C00088	M00804 
cpd00165	C00192	M00804 
cpd00209	C00244	M00804 
cpd19013	C00014	M00804 
cpd00065	C00078	M00805 
cpd01410	C02079	M00805 
cpd04552	C07349	M00805 
cpd00065	C00078	M00808 
cpd00199	C00232	M00810 
cpd00554	C00745	M00810 
cpd00777	C01056	M00810 
cpd00952	C01297	M00810 
cpd01946	C03043	M00810 
cpd01955	C03056	M00810 
cpd14710	C15986	M00810 
cpd14711	C15987	M00810 
cpd16501	C16386	M00810 
cpd00199	C00232	M00811 
cpd00778	C01059	M00811 
cpd14871	C16150	M00811 
cpd20821	C19567	M00811 
cpd20823	C19569	M00811 
cpd20880	C19631	M00811 
cpd24173	C20361	M00811 
cpd02616	C04268	M00814 
cpd04174	C06802	M00814 
cpd08894	C12112	M00815 
cpd00350	C00448	M00819 
cpd01266	C01841	M00819 
cpd21178	C19939	M00819 
cpd31080	C20397	M00819 
cpd31082	C20399	M00819 
cpd31083	C20400	M00819 
cpd31085	C20403	M00819 
cpd31086	C20404	M00819 
cpd31088	C20407	M00819 
cpd01820	C02811	M00823 
cpd02048	C03206	M00823 
cpd03977	C06570	M00823 
cpd03978	C06571	M00823 
cpd04031	C06627	M00823 
cpd04032	C06628	M00823 
cpd04033	C06629	M00823 
cpd04057	C06654	M00823 
cpd19561	C18295	M00823 
cpd03978	C06571	M00824 
cpd03978	C06571	M00825 
cpd00216	C00251	M00826 
cpd08297	C11448	M00826 
cpd08313	C11468	M00826 
cpd17073	C18054	M00826 
cpd20934	C19686	M00826 
cpd00069	C00082	M00827 
cpd13367	C11449	M00827 
cpd31369	C20810	M00827 
cpd00069	C00082	M00828 
cpd00070	C00083	M00829 
cpd01728	C02657	M00829 
cpd00070	C00083	M00830 
cpd00070	C00083	M00833 
cpd08314	C11469	M00833 
cpd00070	C00083	M00834 
cpd00216	C00251	M00835 
cpd01206	C01748	M00835 
cpd17073	C18054	M00835 
cpd17077	C19830	M00835 
cpd21073	C19831	M00835 
cpd03425	C05777	M00836 
cpd03426	C05778	M00836 
cpd00129	C00148	M00837 
cpd13438	C12470	M00837 
cpd13440	C12483	M00837 
cpd00129	C00148	M00838 
cpd01741	C02679	M00838 
cpd08816	C12023	M00838 
cpd11468	C05223	M00838 
cpd13438	C12470	M00838 
cpd13440	C12483	M00838 
cpd00038	C00044	M00840 
cpd00087	C00101	M00840 
cpd00330	C00415	M00840 
cpd00683	C00921	M00840 
cpd00954	C01300	M00840 
cpd00957	C01304	M00840 
cpd02920	C04807	M00840 
cpd02961	C04874	M00840 
cpd03521	C05925	M00840 
cpd00038	C00044	M00841 
cpd00087	C00101	M00841 
cpd00330	C00415	M00841 
cpd00683	C00921	M00841 
cpd00954	C01300	M00841 
cpd02920	C04807	M00841 
cpd02978	C04895	M00841 
cpd03518	C05922	M00841 
cpd03519	C05923	M00841 
cpd03666	C06148	M00841 
cpd00038	C00044	M00842 
cpd00233	C00272	M00842 
cpd02315	C03684	M00842 
cpd02978	C04895	M00842 
cpd03518	C05922	M00842 
cpd03519	C05923	M00842 
cpd03666	C06148	M00842 
cpd00038	C00044	M00843 
cpd02315	C03684	M00843 
cpd02978	C04895	M00843 
cpd03518	C05922	M00843 
cpd03519	C05923	M00843 
cpd03666	C06148	M00843 
cpd21494	C20264	M00843 
cpd00041	C00049	M00844 
cpd00051	C00062	M00844 
cpd00064	C00077	M00844 
cpd00106	C00122	M00844 
cpd00146	C00169	M00844 
cpd00274	C00327	M00844 
cpd02152	C03406	M00844 
cpd00023	C00025	M00845 
cpd00041	C00049	M00845 
cpd00051	C00062	M00845 
cpd00106	C00122	M00845 
cpd00146	C00169	M00845 
cpd00274	C00327	M00845 
cpd00342	C00437	M00845 
cpd00477	C00624	M00845 
cpd00918	C01250	M00845 
cpd02152	C03406	M00845 
cpd02552	C04133	M00845 
cpd11209	C15532	M00845 
cpd00338	C00430	M00846 
cpd00557	C00748	M00846 
cpd00689	C00931	M00846 
cpd00755	C01024	M00846 
cpd00774	C01051	M00846 
cpd01620	C02463	M00846 
cpd02345	C03741	M00846 
cpd03426	C05778	M00846 
cpd12227	C02987	M00846 
cpd00028	C00032	M00847 
cpd00557	C00748	M00847 
cpd00093	C00108	M00848 
cpd01518	C02247	M00848 
cpd07527	C10641	M00848 
cpd00022	C00024	M00849 
cpd00113	C00129	M00849 
cpd00202	C00235	M00849 
cpd00279	C00332	M00849 
cpd00292	C00356	M00849 
cpd00332	C00418	M00849 
cpd00812	C01107	M00849 
cpd17039	C20345	M00849 
cpd00202	C00235	M00850 
cpd00202	C00235	M00851 
cpd00202	C00235	M00852 
cpd00026	C00029	M00854 
cpd00089	C00103	M00854 
cpd00387	C00498	M00854 
cpd11657	C00369	M00854 
cpd11735	C00718	M00854 
cpd00079	C00092	M00855 
cpd00089	C00103	M00855 
cpd11657	C00369	M00855 
cpd26836	C00092	M00855 
cpd14889	C16168	M00861 
cpd14890	C16169	M00861 
cpd14893	C16172	M00861 
cpd14894	C16173	M00861 
cpd15090	C16374	M00861 
cpd15091	C16375	M00861 
cpd15092	C16376	M00861 
cpd15093	C16387	M00861 
cpd15094	C16388	M00861 
cpd15095	C16389	M00861 
cpd01237	C01794	M00862 
cpd03164	C05337	M00862 
cpd03230	C05447	M00862 
cpd03231	C05448	M00862 
cpd03232	C05449	M00862 
cpd03241	C05460	M00862 
cpd03248	C05467	M00862 
cpd11263	C15614	M00862 
cpd17481	C17343	M00862 
cpd17483	C17346	M00862 
cpd03164	C05337	M00866 
cpd00028	C00032	M00868 
cpd00033	C00037	M00868 
cpd00338	C00430	M00868 
cpd00689	C00931	M00868 
cpd00755	C01024	M00868 
cpd00774	C01051	M00868 
cpd00791	C01079	M00868 
cpd01476	C02191	M00868 
cpd02083	C03263	M00868 
cpd00052	C00063	M00872 
cpd00584	C00789	M00872 
cpd00786	C01068	M00872 
cpd12044	C02189	M00872 
cpd00584	C00789	M00873 
cpd00584	C00789	M00874 
cpd00054	C00065	M00875 
cpd00738	C01005	M00875 
cpd02150	C03401	M00875 
cpd00064	C00077	M00876 
cpd00404	C00515	M00876 
cpd00079	C00092	M00877 
cpd08991	C12212	M00877 
cpd08992	C12213	M00877 
cpd26836	C00092	M00877 
cpd31268	C20668	M00877 
cpd00022	C00024	M00878 
cpd00078	C00091	M00878 
cpd00452	C00582	M00878 
cpd01507	C02232	M00878 
cpd09843	C14144	M00878 
cpd09844	C14145	M00878 
cpd19069	C07086	M00878 
cpd21184	C19945	M00878 
cpd21185	C19946	M00878 
cpd21214	C19975	M00878 
cpd21301	C20062	M00878 
cpd00023	C00025	M00879 
cpd00051	C00062	M00879 
cpd02103	C03296	M00879 
cpd02160	C03415	M00879 
cpd03525	C05931	M00879 
cpd03526	C05932	M00879 
cpd00038	C00044	M00880 
cpd03520	C05924	M00880 
cpd19503	C18237	M00880 
cpd19505	C18239	M00880 
cpd21090	C19848	M00880 
cpd11470	C05752	M00881 
cpd12225	C02972	M00881 
cpd19172	C15973	M00881 
cpd11470	C05752	M00882 
cpd12225	C02972	M00882 
cpd11470	C05752	M00883 
cpd12225	C02972	M00883 
cpd19172	C15973	M00883 
cpd01335	C01944	M00884 
cpd19172	C15973	M00884 
cpd00002	C00002	M00889 
cpd00069	C00082	M00889 
cpd01132	C01610	M00889 
cpd04322	C07024	M00889 
cpd04323	C07025	M00889 
cpd04324	C07026	M00889 
cpd04325	C07027	M00889 
cpd04326	C07028	M00889 
cpd04327	C07029	M00889 
cpd04328	C07030	M00889 
cpd04329	C07031	M00889 
cpd04330	C07032	M00889 
cpd00050	C00061	M00890 
cpd00065	C00078	M00891 
cpd00066	C00079	M00891 
cpd00037	C00043	M00892 
cpd00072	C00085	M00892 
cpd00288	C00352	M00892 
cpd00293	C00357	M00892 
cpd19001	C00267	M00892 
cpd19006	C00668	M00892 
cpd19031	C04501	M00892 
cpd00070	C00083	M00893 
cpd07737	C10851	M00893 
cpd00070	C00083	M00894 
cpd04297	C06972	M00894 
cpd04746	C07578	M00894 
cpd07670	C10784	M00894 
cpd24738	C20417	M00894 
cpd24739	C20406	M00894 
cpd31093	C20413	M00894 
cpd00033	C00037	M00895 
cpd00056	C00068	M00895 
cpd00793	C01081	M00895 
cpd02140	C03373	M00895 
cpd02775	C04556	M00895 
cpd02894	C04752	M00895 
cpd08289	C11437	M00895 
cpd14545	C15809	M00895 
cpd14546	C15810	M00895 
cpd14549	C15813	M00895 
cpd14550	C15814	M00895 
cpd21479	C20246	M00895 
cpd21480	C20247	M00895 
cpd00003	C00003	M00896 
cpd00033	C00037	M00896 
cpd00056	C00068	M00896 
cpd00793	C01081	M00896 
cpd02140	C03373	M00896 
cpd02775	C04556	M00896 
cpd02894	C04752	M00896 
cpd21480	C20247	M00896 
cpd26630	C20784	M00896 
cpd00003	C00003	M00897 
cpd00033	C00037	M00897 
cpd00056	C00068	M00897 
cpd00305	C00378	M00897 
cpd00793	C01081	M00897 
cpd02140	C03373	M00897 
cpd02775	C04556	M00897 
cpd02894	C04752	M00897 
cpd21480	C20247	M00897 
cpd26630	C20784	M00897 
cpd00003	C00003	M00898 
cpd00016	C00018	M00898 
cpd00033	C00037	M00898 
cpd00056	C00068	M00898 
cpd00305	C00378	M00898 
cpd00793	C01081	M00898 
cpd02775	C04556	M00898 
cpd02894	C04752	M00898 
cpd21480	C20247	M00898 
cpd26630	C20784	M00898 
cpd00793	C01081	M00899 
cpd00939	C01279	M00899 
cpd02636	C04294	M00899 
cpd02654	C04327	M00899 
cpd02775	C04556	M00899 
cpd02894	C04752	M00899 
cpd05495	C08588	M00900 
cpd05496	C08589	M00900 
cpd17638	C17513	M00900 
cpd21108	C19867	M00900 
cpd21109	C19868	M00900 
cpd21110	C19869	M00900 
cpd00035	C00041	M00901 
cpd00065	C00078	M00901 
cpd00093	C00108	M00901 
cpd00458	C00590	M00902 
cpd07442	C10556	M00902 
cpd07463	C10577	M00902 
cpd07532	C10646	M00902 
cpd07568	C10682	M00902 
cpd07760	C10874	M00902 
cpd12716	C05366	M00902 
cpd19437	C18167	M00902 
cpd00061	C00074	M00903 
cpd01807	C02798	M00903 
cpd02024	C03167	M00903 
cpd03870	C06451	M00903 
cpd03871	C06452	M00903 
cpd03872	C06454	M00903 
cpd02150	C03401	M00904 
cpd00346	C00441	M00905 
cpd08897	C12115	M00905 
cpd31252	C20644	M00905 
cpd31358	C20799	M00905 
cpd00039	C00047	M00906 
cpd02521	C04075	M00906 
cpd00037	C00043	M00909 
cpd00072	C00085	M00909 
cpd00288	C00352	M00909 
cpd03671	C06156	M00909 
cpd19001	C00267	M00909 
cpd19006	C00668	M00909 
cpd19031	C04501	M00909 
cpd00066	C00079	M00910 
cpd00216	C00251	M00910 
cpd00219	C00254	M00910 
cpd00616	C00826	M00910 
cpd00015	C00016	M00911 
cpd00038	C00044	M00911 
cpd00050	C00061	M00911 
cpd00171	C00199	M00911 
cpd00220	C00255	M00911 
cpd00957	C01304	M00911 
cpd02656	C04332	M00911 
cpd02720	C04454	M00911 
cpd02882	C04732	M00911 
cpd11225	C15556	M00911 
cpd15807	C18910	M00911 
cpd00003	C00003	M00912 
cpd00065	C00078	M00912 
cpd00275	C00328	M00912 
cpd00483	C00632	M00912 
cpd00638	C00857	M00912 
cpd00873	C01185	M00912 
cpd01749	C02700	M00912 
cpd02065	C03227	M00912 
cpd02333	C03722	M00912 
cpd02692	C04409	M00912 
cpd00085	C00099	M00913 
cpd00123	C00141	M00913 
cpd00408	C00522	M00913 
cpd00558	C00750	M00913 
cpd00644	C00864	M00913 
cpd00712	C00966	M00913 
cpd01504	C05665	M00913 
cpd00010	C00010	M00914 
cpd00123	C00141	M00914 
cpd00408	C00522	M00914 
cpd00655	C00882	M00914 
cpd00712	C00966	M00914 
cpd00834	C01134	M00914 
cpd02201	C03492	M00914 
cpd02666	C04352	M00914 
cpd20171	C18911	M00914 
cpd00309	C00385	M00915 
cpd04653	C07480	M00915 
cpd04654	C07481	M00915 
cpd09576	C13747	M00915 
cpd15069	C16353	M00915 
cpd00016	C00018	M00916 
cpd00053	C00064	M00916 
cpd00101	C00117	M00916 
cpd00102	C00118	M00916 
cpd00776	C01054	M00917 
cpd01210	C01753	M00917 
cpd01234	C01789	M00917 
cpd01306	C01902	M00917 
cpd01334	C01943	M00917 
cpd01451	C02141	M00917 
cpd05727	C08830	M00917 
cpd08347	C11508	M00917 
cpd08359	C11522	M00917 
cpd08360	C11523	M00917 
cpd14513	C15776	M00917 
cpd14514	C15777	M00917 
cpd14516	C15780	M00917 
cpd14517	C15781	M00917 
cpd14518	C15782	M00917 
cpd14519	C15783	M00917 
cpd00039	C00047	M00918 
cpd00757	C01028	M00918 
cpd02456	C03955	M00918 
cpd03294	C05554	M00918 
cpd24157	C20333	M00918 
cpd00041	C00049	M00919 
cpd00346	C00441	M00919 
cpd02095	C03283	M00919 
cpd03727	C06231	M00919 
cpd21168	C19929	M00919 
cpd00113	C00129	M00921 
cpd00202	C00235	M00921 
cpd00283	C00341	M00921 
cpd00289	C00353	M00921 
cpd00350	C00448	M00921 
cpd00037	C00043	M00922 
cpd00112	C00128	M00922 
cpd00232	C00270	M00922 
cpd00492	C00645	M00922 
cpd27569	C00270	M00922 
cpd00037	C00043	M00923 
cpd21066	C19823	M00923 
cpd31335	C20768	M00923 
cpd31339	C20774	M00923 
cpd00774	C01051	M00924 
cpd01620	C02463	M00924 
cpd03421	C05773	M00924 
cpd03426	C05778	M00924 
cpd03914	C06504	M00924 
cpd08368	C11538	M00924 
cpd08370	C11540	M00924 
cpd08372	C11542	M00924 
cpd08373	C11543	M00924 
cpd08375	C11545	M00924 
cpd14960	C16243	M00924 
cpd14961	C16244	M00924 
cpd17535	C17401	M00924 
cpd19177	C16242	M00924 
cpd00774	C01051	M00925 
cpd01620	C02463	M00925 
cpd03420	C05772	M00925 
cpd03760	C06319	M00925 
cpd03761	C06320	M00925 
cpd03832	C06399	M00925 
cpd03833	C06406	M00925 
cpd03834	C06407	M00925 
cpd03835	C06408	M00925 
cpd03839	C06416	M00925 
cpd03913	C06503	M00925 
cpd03914	C06504	M00925 
cpd00028	C00032	M00926 
cpd00338	C00430	M00926 
cpd00689	C00931	M00926 
cpd00755	C01024	M00926 
cpd00774	C01051	M00926 
cpd02083	C03263	M00926 
cpd02345	C03741	M00926 
cpd03418	C05770	M00926 
cpd12227	C02987	M00926 
cpd00289	C00353	M00927 
cpd03629	C06089	M00927 
cpd03630	C06090	M00927 
cpd03633	C06093	M00927 
cpd08655	C11857	M00927 
cpd08670	C11872	M00927 
cpd08671	C11873	M00927 
cpd08672	C11874	M00927 
cpd08673	C11875	M00927 
cpd00640	C00859	M00928 
cpd01389	C02034	M00928 
cpd01390	C02035	M00928 
cpd03634	C06094	M00928 
cpd03635	C06095	M00928 
cpd08655	C11857	M00928 
cpd08658	C11860	M00928 
cpd08659	C11861	M00928 
cpd08661	C11863	M00928 
cpd08662	C11864	M00928 
cpd00289	C00353	M00929 
cpd00640	C00859	M00929 
cpd03629	C06089	M00929 
cpd03630	C06090	M00929 
cpd03633	C06093	M00929 
cpd08651	C11853	M00929 
cpd08656	C11858	M00929 
cpd08657	C11859	M00929 
cpd08660	C11862	M00929 
cpd08662	C11864	M00929 
cpd08670	C11872	M00929 
cpd08671	C11873	M00929 
cpd08672	C11874	M00929 
cpd08673	C11875	M00929 
cpd00216	C00251	M00930 
cpd17270	C16999	M00930 
cpd17278	C17010	M00930 
cpd17281	C17017	M00930 
cpd17282	C17018	M00930 
cpd23834	C20773	M00930 
cpd31338	C20772	M00930 
cpd00216	C00251	M00931 
cpd17278	C17010	M00931 
cpd17281	C17017	M00931 
cpd17282	C17018	M00931 
cpd23834	C20773	M00931 
cpd31338	C20772	M00931 
cpd00216	C00251	M00932 
cpd00658	C00885	M00932 
cpd01772	C02730	M00932 
cpd02021	C03160	M00932 
cpd02295	C03657	M00932 
cpd03214	C05427	M00932 
cpd03451	C05817	M00932 
cpd09410	C13309	M00932 
cpd11217	C15547	M00932 
cpd12844	C03313	M00932 
cpd16335	C16519	M00932 
cpd00426	C00544	M00933 
cpd02172	C04145	M00933 
cpd16503	C16695	M00933 
cpd17691	C17570	M00933 
cpd27796	C16695	M00933 
cpd00070	C00083	M00934 
cpd01675	C02557	M00934 
cpd11321	C15680	M00934 
cpd11322	C15681	M00934 
cpd11323	C15682	M00934 
cpd11324	C15683	M00934 
cpd11325	C15684	M00934 
cpd11326	C15685	M00934 
cpd20107	C18846	M00934 
cpd20108	C18847	M00934 
cpd00069	C00082	M00935 
cpd00102	C00118	M00935 
cpd00374	C00483	M00935 
cpd00065	C00078	M00936 
cpd00318	C00398	M00936 
cpd00579	C00780	M00936 
cpd00721	C00978	M00936 
cpd01124	C01598	M00936 
cpd00070	C00083	M00937 
cpd00708	C00961	M00937 
cpd02314	C03683	M00937 
cpd02317	C03686	M00937 
cpd04172	C06800	M00937 
cpd22582	C20452	M00937 
cpd22583	C20499	M00937 
cpd22584	C20500	M00937 
cpd22586	C20502	M00937 
cpd22587	C20574	M00937 
cpd22594	C20575	M00937 
cpd22595	C20583	M00937 
cpd23483	C20453	M00937 
cpd31145	C20501	M00937 
cpd31146	C20503	M00937 
cpd31148	C20505	M00937 
cpd31150	C20507	M00937 
cpd00014	C00015	M00938 
cpd00297	C00363	M00938 
cpd00298	C00364	M00938 
cpd00299	C00365	M00938 
cpd00357	C00459	M00938 
cpd00358	C00460	M00938 
cpd00978	C01346	M00938 
cpd00092	C00106	M00939 
cpd00191	C00222	M00939 
cpd00745	C01013	M00939 
cpd21464	C20231	M00939 
cpd21482	C20249	M00939 
cpd21486	C20253	M00939 
cpd00192	C00223	M00940 
cpd05556	C08650	M00940 
cpd06654	C09762	M00940 
cpd00398	C00509	M00941 
cpd03971	C06563	M00941 
cpd06654	C09762	M00941 
cpd07097	C10208	M00941 
cpd09262	C12631	M00941 
cpd11233	C15567	M00941 
cpd00582	C00786	M00942 
cpd00639	C00858	M00942 
cpd01868	C02920	M00942 
cpd07097	C10208	M00942 
cpd07389	C10503	M00942 
cpd14906	C16187	M00942 
cpd01426	C02105	M00943 
cpd02357	C03758	M00943 
cpd02361	C03765	M00943 
cpd03081	C05176	M00943 
cpd03094	C05202	M00943 
cpd03675	C06160	M00943 
cpd03676	C06161	M00943 
cpd01072	C01516	M00944 
cpd01196	C01735	M00944 
cpd01426	C02105	M00944 
cpd03083	C05178	M00944 
cpd03084	C05179	M00944 
cpd03100	C05220	M00944 
cpd03157	C05322	M00944 
cpd03680	C06167	M00944 
cpd03683	C06173	M00944 
cpd03685	C06175	M00944 
cpd01426	C02105	M00945 
cpd01427	C02106	M00945 
cpd03079	C05174	M00945 
cpd03080	C05175	M00945 
cpd03085	C05189	M00945 
cpd03086	C05190	M00945 
cpd03087	C05191	M00945 
cpd03677	C06162	M00945 
cpd03678	C06163	M00945 
cpd01426	C02105	M00946 
cpd01427	C02106	M00946 
cpd01863	C02915	M00946 
cpd02117	C03329	M00946 
cpd02545	C04118	M00946 
cpd06487	C09592	M00946 
cpd00051	C00062	M00947 
cpd00586	C00792	M00947 
cpd02364	C03771	M00947 
cpd00024	C00026	M00948 
cpd00340	C00433	M00948 
cpd00851	C01157	M00948 
cpd02175	C03440	M00948 
cpd02626	C04282	M00948 
cpd00119	C00135	M00949 
cpd03842	C06419	M00949 
cpd00104	C00120	M00950 
cpd00782	C01063	M00950 
cpd00800	C01092	M00950 
cpd01311	C01909	M00950 
cpd21087	C19845	M00950 
